product_id,title,authors,original_price,current_price,quantity,category,n_review,avg_rating,pages,manufacturer,cover_link
169546331,Sức Mạnh Của Việc Đặt Câu Hỏi Đúng (Tái Bản),Mihiro Matsuda,99000,65000,227.0,Sách kỹ năng làm việc,17,4.6,228.0,Nhà Xuất Bản Công Thương,https://salt.tikicdn.com/ts/product/ca/f1/6e/7d036bcbbf133372018ea7227ce42ff1.jpg
15397971,Hà Nội Băm Sáu Phố Phường (Tái bản 2019),Thạch Lam,50000,30000,1899.0,Truyện ngắn - Tản văn - Tạp Văn,311,5.0,124.0,,https://salt.tikicdn.com/ts/product/29/57/21/e96238be49687ba49aad235ec1ae5cb8.jpg
195801644,Black Jack - Tập 13 (Bìa Cứng),Osamu Tezuka,135000,117400,261.0,Black Jack - Tập 13 (Bìa Cứng),27,5.0,,NXB Trẻ,https://salt.tikicdn.com/ts/product/27/5a/29/2bfc6b2d33fe96fc002e5486ddcff889.jpg
168559521,Sự Trung Thực Của Xác Chết – Ghi Chép Của Một Nhà Pháp Y,Hajime Nishio,99000,69300,1105.0,Sự Trung Thực Của Xác Chết – Ghi Chép Của Một Nhà Pháp Y,188,5.0,240.0,Nhà Xuất Bản Thế Giới,https://salt.tikicdn.com/ts/product/f4/bc/14/c202a8b6953aebc2a4f38696aea7241e.jpg
116158321,7 Chiến Lược Thịnh Vượng Và Hạnh Phúc (Tái Bản 2021),Jim Rohn,85000,59500,782.0,Sách tư duy - Kỹ năng sống,103,4.8,,Nhà Xuất Bản Thế Giới,https://salt.tikicdn.com/ts/product/70/ae/ab/ad4f31f15b42310166a370aa69b92bd0.jpg
77230663,Combo 2 Cuốn: Tâm Lý Học Tội Phạm,Stanton E. Samenow,288000,172800,7445.0,Lĩnh vực khác,1893,4.8,664.0,Nhà Xuất Bản Đại Học Kinh Tế Quốc Dân,https://salt.tikicdn.com/ts/product/b5/07/74/31377e044579aa03901b4df1c9ae90fe.jpg
29591064,Hackers IELTS : Listening,Viện ngôn ngữ Hackers,179000,131000,5664.0,Sách Học Tiếng Anh,940,4.8,300.0,Nhà Xuất Bản Thế Giới,https://salt.tikicdn.com/ts/product/c4/cb/52/0a4395585acec83ed712d8cc690bf711.jpg
143219851,Đánh Bại Phố Wall  (Tái Bản),John Rothchild,219000,145000,286.0,Bài học kinh doanh,45,4.8,524.0,Nhà Xuất Bản Lao Động,https://salt.tikicdn.com/ts/product/25/4d/98/1b52f6d3a1b5fc8fac4ed681af59f099.jpg
55064570,Người Truyền Ký Ức (Giải Thưởng Boston Globe-Horn Book)(Tái Bản 2020),Lois Lowry,80000,48000,58.0,Tiểu Thuyết,9,4.7,248.0,Nhà Xuất Bản Hội Nhà Văn,https://salt.tikicdn.com/ts/product/6b/a9/64/d5df4283840116fafc320292d8c547d6.jpg
197353397,Kaguya-Sama: Cuộc Chiến Tỏ Tình - Tập 1,Aka Akasaka,40000,38000,1064.0,Kaguya-Sama: Cuộc Chiến Tỏ Tình - Tập 1,98,5.0,,Nhà Xuất Bản Kim Đồng,https://salt.tikicdn.com/ts/product/6e/d7/0f/963a3092d0e3db1e44821aacf4f0a64b.jpg
128649312,21 Nguyên Tắc Tự Do Tài Chính (Tái Bản),Brian Tracy,55000,38500,1157.0,"Sách tài chính, tiền tệ",116,5.0,106.0,Nhà Xuất Bản Công Thương,https://salt.tikicdn.com/ts/product/16/4b/7a/79be0c1ab963a8bc29961ada3d3a633d.jpg
29290844,Kho Tàng Truyện Thần Thoại Cổ Đại Trung Quốc (Không CD),Thế Giới Hoa Ngữ,22000,22000,12.0,Sách Học Tiếng Hoa,6,5.0,208.0,NXB Trẻ,https://salt.tikicdn.com/ts/product/1f/62/63/b92514c1bde8bd3f4416a24f2a5922f0.jpg
100347903,Nói Một Cách Đơn Giản,Rhee Dongwoo,129000,98000,628.0,Sách tư duy - Kỹ năng sống,73,5.0,264.0,Nhà Xuất Bản Hà Nội,https://salt.tikicdn.com/ts/product/f6/90/1a/7798d89cd8c6808df55571c8af40a286.jpg
77324132,Phụ Nữ Hiểu Biết Sẽ Có Cuộc Sống Đẳng Cấp Hơn (Tặng Kèm Bookmark),Jenny Kiều,119000,76001,3032.0,Truyện ngắn - Tản văn - Tạp Văn,622,5.0,368.0,Nhà Xuất Bản Văn Học,https://salt.tikicdn.com/ts/product/ee/0c/67/5cd1a886d8c625f64b7a18ff2c38248b.jpg
197657918,Sát Nhân Liên Hoàn Kế (Tập 1),Thân Tử Thần,154000,108001,60.0,Truyện trinh thám,13,5.0,408.0,Nhà Xuất Bản Dân Trí,https://salt.tikicdn.com/ts/product/48/e0/72/310b0f70a8844534c7f236c16687f76b.jpg
200852592,Harry Potter Và Phòng Chứa Bí Mật,J.K.Rowling,170000,114000,43.0,Truyện Giả tưởng - Huyền Bí - Phiêu Lưu,4,5.0,,NXB Trẻ,https://salt.tikicdn.com/ts/product/2b/eb/4b/e7f7a34735a8b6320b79214cc18b3e62.jpg
3955683,Chuyện Con Ốc Sên Muốn Biết Tại Sao Nó Chậm Chạp (Tái Bản),Luis Sepulveda,39000,23400,5828.0,Sách tư duy - Kỹ năng sống,301,4.8,82.0,,https://salt.tikicdn.com/ts/product/15/f3/ee/a959ae23fcedf4f09ca61f1929ac3b94.jpg
185067342,Tô Bình Yên Vẽ Hạnh Phúc (Tái Bản),Kulzsc,88000,69000,1551.0,Sách Tô Màu Dành Cho Người Lớn,179,5.0,96.0,Nhà Xuất Bản Phụ Nữ,https://salt.tikicdn.com/ts/product/27/a2/c8/10ecb5d4732034d515561e0750778a36.jpg
52004412,D. Trump - Nghệ Thuật Đàm Phán (Tái bản 2020),Donald J.Trump & Tony Schwartz,109000,77800,3379.0,"Sách quản trị, lãnh đạo",470,4.8,328.0,NXB Trẻ,https://salt.tikicdn.com/ts/product/f4/99/63/ab805c6b5149f6fd647d7dfdd5157626.jpg
198707246,Osho - Tâm Trí Tỉnh Thức,Osho,139000,87000,65.0,Sách tư duy - Kỹ năng sống,4,5.0,256.0,Nhà Xuất Bản Lao Động,https://salt.tikicdn.com/ts/product/f1/92/d6/febbb1285da92f154640aed366cfd3b0.png
76278485,Ảo Dạ (Tái Bản),Higashino Keigo,179000,107400,817.0,Truyện trinh thám,206,5.0,584.0,Nhà Xuất Bản Hà Nội,https://salt.tikicdn.com/ts/product/9e/01/6f/a0bb7085a45d4cda06c7424c5288b35b.jpg
45349383,Hashtag No.2 Fashion - Kinh Doanh Thời Trang Tại Thị Trường Việt Nam,.,200000,140000,1768.0,Sách Marketing - Bán hàng ,213,4.8,132.0,Nhà Xuất Bản Dân Trí,https://salt.tikicdn.com/ts/product/a0/fe/92/77e072be470cce85f7e358036f27e498.JPG
203757836,Dragon Ball Full Color - Phần Năm: Truy Lùng Cell Bọ Hung - Tập 6,Akira Toriyama,77000,77000,335.0,Dragon Ball Full Color - Phần Năm: Truy Lùng Cell Bọ Hung - Tập 6,30,5.0,,Nhà Xuất Bản Kim Đồng,https://salt.tikicdn.com/ts/product/57/42/01/3a65eabd6eacae572dfbf49078d46898.jpg
196515664,Anh Em Phi Hành Gia - Tập 33,Chuya Koyama,45000,39100,206.0,Anh Em Phi Hành Gia - Tập 33,16,5.0,,NXB Trẻ,https://salt.tikicdn.com/ts/product/59/ab/2f/90021f465b423769ecf2d3bfe8fa7dc1.jpg
75697499,Đảo Mộng Mơ - Ấn Bản Kỷ Niệm 10 Năm Xuất Bản Lần Đầu,Nguyễn Nhật Ánh,200000,116001,1876.0,Văn học thiếu nhi,446,5.0,220.0,Nhà Xuất Bản Văn Học,https://salt.tikicdn.com/ts/product/e6/ba/47/1cbe5a75d37e2f3a80a7ac05e631c300.jpg
10767515,Phân Tâm Học Nhập Môn,,159000,95400,3487.0,Sách tư duy - Kỹ năng sống,392,4.7,,,https://salt.tikicdn.com/ts/product/e7/e5/cb/9bf2891509bcae066c618f71415b04a7.jpg
199728871,Sách Seneca: Những Bức Thư Đạo Đức – Chủ Nghĩa Khắc Kỷ Trong Đời Sống - Tập 2,Lucius Annaeus Seneca,159000,154000,166.0,Sách nghệ thuật sống đẹp,13,5.0,556.0,Nhà Xuất Bản Thế Giới,https://salt.tikicdn.com/ts/product/fa/1f/eb/ea30e2c56f4a6168a2a9f57202a5dd7f.png
76388962,"Chúng Ta Rồi Sẽ Hạnh Phúc, Theo Những Cách Khác Nhau [Tặng Kèm: 01 Bookmark]",Thảo Thảo,86000,58100,7991.0,Truyện ngắn - Tản văn - Tạp Văn,1691,4.8,208.0,Nhà Xuất Bản Văn Học,https://salt.tikicdn.com/ts/product/da/14/f7/ee4fafb6ea7cb9e25a6c65ac2774773b.jpg
192909304,Lên Tàu Cùng Socrates - Đi Tìm Ý Nghĩa Cuộc Sống Từ Các Triết Gia,Eric Weiner,195000,144000,250.0,Triết Học,24,4.8,436.0,NXB Trẻ,https://salt.tikicdn.com/ts/product/4f/3a/17/35a86bf0836b2ff328033b8bc1c65833.jpg
2716247,Quẳng Gánh Lo Đi Và Vui Sống (Bìa Cứng),Dale Breckenridge Carnegie,108000,71200,5842.0,Sách nghệ thuật sống đẹp,574,4.8,320.0,Nhà Xuất Bản Tổng hợp TP.HCM,https://salt.tikicdn.com/media/catalog/producttmp/c0/c8/df/fffed7434595522ed4d2801992645c78.jpg
201003771,Vẽ Vời Vẩn Vơ - 5,Akiko Higashimura,58000,52100,84.0,Vẽ Vời Vẩn Vơ - 5,7,5.0,144.0,Nhà Xuất Bản Hồng Đức,https://salt.tikicdn.com/ts/product/de/61/32/a12269607b27cd0fa2f86451831efa3c.jpg
175845415,Bí Quyết Tìm Kiếm Mặt Bằng Kinh Doanh - Đến Sahara Mở Quán Trà Đá - Bộ Sách Khởi Nghiệp Bán Lẻ,,199000,158400,1003.0,Sách kỹ năng làm việc,117,5.0,248.0,Nhà Xuất Bản Thế Giới,https://salt.tikicdn.com/ts/product/a4/58/46/ce9ebae3b41660fca6f08347d22b5a7d.png
31375299,Ăn Xanh Để Khỏe,Norman W.Walker,85000,59500,3009.0,Sách tư duy - Kỹ năng sống,258,4.8,262.0,,https://salt.tikicdn.com/ts/product/85/b6/1d/8e6c058812a798235540f5c9f2fdd9b8.jpg
121635154,Điều Đẹp Nhất Có Khi Là Buông Tay (Tặng Kèm Bookmark),Thought Catalog,72000,54000,3281.0,Truyện ngắn - Tản văn - Tạp Văn,453,4.8,160.0,Nhà Xuất Bản Hà Nội,https://salt.tikicdn.com/ts/product/5e/f8/bf/4a0f0f55c62257eca3e3b39fc69185f9.jpg
203899324,Unstoppable Us – Không Thể Dừng Bước - Tập 1: Loài Người Chinh Phục Thế Giới Như Thế Nào,,269000,213999,15.0,Lịch Sử Thế Giới,0,0.0,,Nhà Xuất Bản Tri Thức,https://salt.tikicdn.com/ts/product/4f/1e/1f/07060300b98622a514307187c4a1779a.png
197719874,Suy Nghĩ Thống Kê Trong Đời Thường,Nguyễn Văn Tuấn,160000,136000,804.0,Sách kỹ năng làm việc,91,5.0,392.0,Nhà Xuất Bản Tổng hợp TP.HCM,https://salt.tikicdn.com/ts/product/55/5e/a6/dd0a224ea101cbefb2770bb9c4f5a30d.jpg
195545266,Hài Hước Một Chút Thế Giới Sẽ Khác Đi,The Book Worm,80000,46000,84.0,Sách tư duy - Kỹ năng sống,3,4.0,228.0,Nhà Xuất Bản Thanh Niên,https://salt.tikicdn.com/ts/product/48/e8/3b/c995bdcb3afe1b906e874f6c1d56fc63.jpg
197344449,Ký Ức Lịch Sử Về Sài Gòn Và Các Vùng Phụ Cận,Trương Vĩnh Ký,55000,40700,72.0,Truyện ngắn - Tản văn - Tạp Văn,8,4.8,,NXB Trẻ,https://salt.tikicdn.com/ts/product/7e/2c/11/18e526e387bde270dae34cc5f10d166f.jpg
625185,Sến,Lão Phạm,68000,27200,305.0,Truyện ngắn - Tản văn - Tạp Văn,11,5.0,224.0,,https://salt.tikicdn.com/media/catalog/product/s/e/sen-01.u5131.d20170526.t155535.534019.jpg
206840682,Quyền Lực Của Địa Lý - The Power Of Geography,Tim Marshall,280000,221000,164.0,Sách kinh tế học,14,4.6,559.0,Nhà Xuất Bản Phụ Nữ,https://salt.tikicdn.com/ts/product/6c/87/e7/db72a8050a15d86d8102cd21ab1d8b11.jpg
173174175,Suy Tưởng( Tặng kèm sổ tay),Marcus Aurelius,170000,153000,140.0,Sách tư duy - Kỹ năng sống,24,5.0,392.0,Nhà Xuất Bản Tri Thức,https://salt.tikicdn.com/ts/product/36/b0/45/ffb7b24f52ff800fa06c8020d3e44680.jpg
87959748,451 Độ F,Ray Bradbury,99000,59400,1636.0,Truyện Giả tưởng - Huyền Bí - Phiêu Lưu,368,5.0,232.0,Nhà Xuất Bản Văn Học,https://salt.tikicdn.com/ts/product/13/4f/08/cec6bf075eb1724d3b5da6e073c1079b.jpg
80628929,Từ IQ Đến EQ - Nắm Bắt Thành Công Qua Trí Tuệ Cảm Xúc,Trương Manh,91000,59001,5077.0,Sách tư duy - Kỹ năng sống,1046,4.8,240.0,Nhà Xuất Bản Thanh Niên,https://salt.tikicdn.com/ts/product/38/4f/4e/bdaf60975e2ea5761612075e11d287ce.jpg
200780124,Tản mạn kiến trúc Nam Bộ - Một biên khảo về kiến trúc dân dụng miền Nam (Từ cuối thế kỷ 19 đến cuối thế kỷ 20),Nhóm tác giả Tản Mạn Kiến Trúc,215000,167000,105.0,Mỹ Thuật - Kiến Trúc,9,5.0,286.0,Nhà Xuất Bản Thế Giới,https://salt.tikicdn.com/ts/product/ee/6d/24/219d791d1ff385ca788fc33c349da98e.jpg
73222689,Pep Guardiola - Một Cách Thắng Khác,Guillem Balague,229000,156000,146.0,Tiểu sử - Hồi ký,30,5.0,596.0,Nhà Xuất Bản Hà Nội,https://salt.tikicdn.com/ts/product/6c/e4/9d/7238777a037d4f77cbf547478f393199.jpg
17960478,RIO Book No.3 - Hình Ảnh Điều Khiển Tâm Trí - 33 Kỹ Thuật Điều Khiển Tâm Lý Trong Truyền Thông Thị Giác,Andrews - Van leeuwen - Van Baaren ,155000,108500,2127.0,Sách Marketing - Bán hàng ,213,4.8,,Nhà Xuất Bản Dân Trí,https://salt.tikicdn.com/ts/product/4b/0c/87/40e137565d61b3c3504e53afc43265e9.jpg
63587072,Tĩnh Lặng (Tái Bản Lần Thứ 11/2020),Thích Nhất Hạnh,69000,48300,1191.0,Sách giáo dục,163,5.0,188.0,Nhà Xuất Bản Thế Giới,https://salt.tikicdn.com/ts/product/f7/ce/36/9553863c86683205724ceb94b8997758.jpg
204363212,Kaguya-Sama: Cuộc Chiến Tỏ Tình - Tập 5,Aka Akasaka,40000,39100,278.0,Kaguya-Sama: Cuộc Chiến Tỏ Tình - Tập 5,14,5.0,,Nhà Xuất Bản Kim Đồng,https://salt.tikicdn.com/ts/product/e1/7b/77/d9f4e7d06a6671b98a2a532c5a3f85fe.jpg
57518431,"Cứ Khóc, Cứ Tan Vỡ Và Trưởng Thành",Yến Nhi,78000,53100,3004.0,Truyện ngắn - Tản văn - Tạp Văn,631,4.7,208.0,Nhà Xuất Bản Văn Học,https://salt.tikicdn.com/ts/product/b1/ba/73/7f1af98058c5948c8e8f818dd307673b.jpg
176752838,Thay Đổi Tí Hon Hiệu Quả Bất Ngờ - Atomic Habits,James Clear,189000,160650,103.0,Sách tư duy - Kỹ năng sống,4,5.0,,Nhà Xuất Bản Thế Giới,https://salt.tikicdn.com/ts/product/8a/34/8f/fd5b0034a01b8750dc1705eb7276c5a1.jpg
126474205,Làm giàu từ chứng khoán bằng phương pháp VSA chính gốc: Nghiên cứu chuyên sâu về cách giao dịch của Wyckoff,Rubén Villahermosa Chaves,499000,499000,3273.0,"Sách tài chính, tiền tệ",636,4.8,278.0,Nhà Xuất Bản Thế Giới,https://salt.tikicdn.com/ts/product/05/4e/5c/3678985f9e4849b14700f086aa70bb3a.jpg
197657913,Những Giấc Mơ Ở Hiệu Sách Morisaki,Yagisawa Satoshi,75000,45000,65.0,Truyện ngắn - Tản văn - Tạp Văn,9,5.0,180.0,Nhà Xuất Bản Hà Nội,https://salt.tikicdn.com/ts/product/54/f7/ca/03c0c61cea0582a3845944a31dbbdc7f.jpg
13828946,Thơ Xuân Diệu,Xuân Diệu,38000,30000,2146.0,Thơ,364,5.0,180.0,,https://salt.tikicdn.com/ts/product/dc/11/4c/c3e1b9cba245d34d27e371df32f49a3e.jpg
168283405,Chiến Tranh Tiền Tệ - Phần 1 - Ai Thực Sự Là Người Giàu Nhất Thế Giới ( Tái Bản 2022),Song Hong Bing,165000,116000,3436.0,"Sách tài chính, tiền tệ",480,5.0,532.0,Nhà Xuất Bản Lao Động,https://salt.tikicdn.com/ts/product/c2/3a/64/feedafb39c7bc93f49277bef45f618d4.jpg
2216865,Pierre Và Jean,Guy De Maupassant,68000,53500,447.0,Tiểu Thuyết,35,4.8,236.0,,https://salt.tikicdn.com/ts/product/07/43/77/d40843de68c0ce87be09728722bd180e.jpg
113540588,Thiên Táng,Hân Nhiên,96000,57600,1955.0,Truyện dài,426,5.0,208.0,Nhà Xuất Bản Hà Nội,https://salt.tikicdn.com/ts/product/a1/20/07/8fa71a8c93609ac4738d6ef9e477a43e.jpg
3638033,Trăm Năm Cô Đơn,Gabriel Garcia Marquez,169000,101400,7143.0,Truyện ngắn - Tản văn - Tạp Văn,989,4.7,496.0,,https://salt.tikicdn.com/ts/product/37/3b/5d/5efd681d48d5a81e3e6675121e69d38d.jpg
178294073,Trading in The Zone - Thực Hành Kiểm Soát Cảm Xúc bằng Tâm Lý Học Hành Vi trong Đầu Tư và Giao Dịch,Mark Douglas,295000,295000,738.0,"Sách tài chính, tiền tệ",98,4.8,288.0,Nhà Xuất Bản Thanh Niên,https://salt.tikicdn.com/ts/product/e7/9d/cd/21f8a604bbfecf40b2c6b2ef0bc07892.jpg
197990867,Doraemon Movie Story: Nobita Và Viện Bảo Tàng Bảo Bối,Fujiko F Fujio,30000,29000,172.0,Doraemon Movie Story: Nobita Và Viện Bảo Tàng Bảo Bối,16,5.0,,Nhà Xuất Bản Kim Đồng,https://salt.tikicdn.com/ts/product/dc/d3/e8/bbbed9f32911f29dbd92ee631e5d6ea5.jpg
77105730,Tàn Ngày Để Lại (Bìa Cứng),Kazuo Ishiguro,169000,101400,2895.0,Tiểu Thuyết,583,4.8,286.0,Nhà Xuất Bản Văn Học,https://salt.tikicdn.com/ts/product/bc/82/ac/a6bf1a9e771d2741fbe89de5c121bad6.jpg
185909477,Tin Vào Chính Mình,Louise L. Hay,68000,58100,153.0,Sách tư duy - Kỹ năng sống,20,5.0,160.0,Nhà Xuất Bản Tổng hợp TP.HCM,https://salt.tikicdn.com/media/catalog/producttmp/c2/4b/9f/8b00065ccdaab2004496f7d76120a7e4.jpg
102629342,999 Lá Thư Gửi Cho Chính Mình (**) - Tập 2 - Mong Bạn Trở Thành Phiên Bản Hạnh Phúc Nhất (Tái bản),Miêu Công Tử,129000,91500,1505.0,Sách tư duy - Kỹ năng sống,221,5.0,200.0,Nhà Xuất Bản Thanh Niên,https://salt.tikicdn.com/ts/product/45/12/f1/adf066eea1f7d00ee3bd0b66f1d5a30c.jpg
171057415,Cẩm nang hướng dẫn tự học tiếng Thái – trình độ sơ cấp – trung cấp,Tuấn Kiệt,120000,120000,462.0,Ngoại Ngữ Khác,91,5.0,292.0,Nhà Xuất Bản Thanh Niên,https://salt.tikicdn.com/ts/product/13/d0/c0/0e0b25d3cb32f06110804b08e1fcb176.jpg
148750882,Khi Mọi Thứ Sụp Đổ - Lời Khuyên Chân Thành Trong Những Thời Điểm Khó Khăn,Pema Chodron,119000,83300,1001.0,Sách tư duy - Kỹ năng sống,125,4.8,316.0,Nhà Xuất Bản Hà Nội,https://salt.tikicdn.com/ts/product/a4/0c/35/823fe4a9069731cbd032f54341c6f999.jpg
197634254,"Gửi em, người bất tử - Tập 12",Yoshitoki Oima,30000,26000,320.0,"Gửi em, người bất tử - Tập 12",32,5.0,,NXB Trẻ,https://salt.tikicdn.com/ts/product/71/1d/01/f60bc3e65351d2ceb69db9ea921785c6.jpg
201048327,666 Satan - Tập 1,Seishi Kishimoto,30000,27100,115.0,666 Satan - Tập 1,14,5.0,,Nhà Xuất Bản Kim Đồng,https://salt.tikicdn.com/ts/product/7a/85/a1/b0db9bda303a1ea52f3a48fd6bdd18c9.jpg
391045,80 Lời Bố Gửi Con Trai,Từ Ninh,65000,48750,93.0,Sách Tâm Lý Tuổi Teen,11,4.8,,,https://salt.tikicdn.com/media/catalog/product/8/0/80-loi-bo-gui-con-trai_1.jpg
57037220,Nhóc Nicolas: Những Chuyện Chưa Kể - Tập 1 (Tái Bản 2020),Goscinny & Sempé,115000,69000,668.0,Văn học thiếu nhi,119,5.0,749.0,Nhà Xuất Bản Hội Nhà Văn,https://salt.tikicdn.com/ts/product/74/02/43/262064ba3a7de6aa43235599f0ee3b35.jpg
170490710,"Bàn Về Cách Sống – Đối Thoại Giữa Triết Gia, Bác Sĩ Và Nhà Sư",Christophe Andre,139000,97300,257.0,Sách tư duy - Kỹ năng sống,40,4.8,361.0,Nhà Xuất Bản Hà Nội,https://salt.tikicdn.com/ts/product/2e/eb/64/da105b13bebc7e35dc2abed7b6da0493.png
52696535,Harry Potter Và Chiếc Cốc Lửa - Tập 4 (Bản Đặc Biệt Có Tranh Minh Họa Màu),J. K. Rowling,980000,704700,1424.0,Truyện Giả tưởng - Huyền Bí - Phiêu Lưu,293,4.6,306.0,NXB Trẻ,https://salt.tikicdn.com/ts/product/11/c7/45/f38366491e9b8579d85fb444fd9900b9.jpg
117595535,Kẻ Ngoại Cuộc,Albert Camus,123000,73800,1380.0,Tiểu Thuyết,293,4.8,500.0,Nhà Xuất Bản Dân Trí,https://salt.tikicdn.com/ts/product/62/52/fb/66ac805a8143811ab4abda2bedcb1a6e.jpg
197588259,Tô Màu Phát Triển Não Bộ Cho Bé 1-5 Tuổi Tập 10,Phạm Ngọc Điệp,16000,9600,64.0,Tô màu - Luyện chữ  ,4,5.0,20.0,Nhà Xuất Bản Dân Trí,https://salt.tikicdn.com/ts/product/4f/02/17/694783a9156081146eaa6c5e17072556.jpg
74793319,Infinite Dendrogram 01- Khởi Điểm Của Những Khả Năng,Kaidou Sakon,125000,75000,397.0,Light novel,150,5.0,350.0,Nhà Xuất Bản Hà Nội,https://salt.tikicdn.com/ts/product/2e/be/1b/ae98851a134a70f970dfabdeda2d2f8b.jpg
192733741,Mùi hương - Tái Bản,Patrick Suskind,115000,69000,160.0,Tác phẩm kinh điển,24,5.0,,Nhà Xuất Bản Văn Học,https://salt.tikicdn.com/ts/product/1b/a6/d3/07effba774f36348076d35092592b996.jpg
49904794,Fullset Ehon Nhật Bản cho bé thông minh sáng tạo: Ehon Điều Kỳ Diệu Của Hình Khối + Điều Kỳ Diệu Của Âm Thanh + Điều Kỳ Diệu Của Màu Sắc (Bộ 10 cuốn cho bé 0-6 tuổi / Bộ Sách Phát Triển Trí Tuệ & Kích Thích Thị Giác Cho Bé),Suzuki Mio,390000,261000,3392.0,Truyện tranh Ehon,722,5.0,99.0,Nhà Xuất Bản Lao Động Xã Hội,https://salt.tikicdn.com/ts/product/8a/87/af/5e4727433b6161ba417b9c85a4a50f68.jpg
21435670,Animorphs - Người Hóa Thú - Tập 12 - Phản Ứng,K.A Applegate,66000,26400,354.0,Truyện Giả tưởng - Huyền Bí - Phiêu Lưu,14,5.0,164.0,Nhà Xuất Bản Hội Nhà Văn,https://salt.tikicdn.com/ts/product/c3/5f/29/8d6a0e452aaa53406f75e10370e99bfe.jpg
2120185,Nghĩ Ngược Lại Và Làm Khác Đi (Tái Bản),Paul Arden,99000,60400,2108.0,Sách kỹ năng làm việc,71,3.9,132.0,,https://salt.tikicdn.com/ts/product/e6/9a/bb/b8390019a02013b6467f7368fb612bbd.jpg
100321478,Muốn An Được An (Tái bản 2021),Thích Nhất Hạnh,65000,45500,1912.0,Muốn An Được An (Tái bản 2021),231,5.0,164.0,Nhà Xuất Bản Lao Động,https://salt.tikicdn.com/ts/product/58/d7/c0/17a88f2d268f69be2072a2fc8df4d7d2.jpg
75829071,Ngàn Năm Áo Mũ (Tái Bản),Trần Quang Đức,320000,192000,1057.0,Sách Phong Tục - Tập Quán,282,5.0,400.0,Nhà Xuất Bản Thế Giới,https://salt.tikicdn.com/ts/product/fb/59/35/2e75b56e1d7cf3b36aca462ab5e68a13.jpg
202429188,Hiệu Ứng Lucifer - Tập 1,Philip Zimbardo,239000,146000,52.0,Tiểu Thuyết,5,4.6,476.0,Nhà Xuất Bản Thanh Niên,https://salt.tikicdn.com/ts/product/46/cb/a9/fa0bdcdbc87f9099d016b24d8ab1a88c.png
202153825,Vì Con Gái Tôi Có Thể Đánh Bại Cả Ma Vương - Tập 6,CHIROLU,140000,101000,434.0,Light novel,86,5.0,384.0,Nhà Xuất Bản Phụ Nữ Việt Nam,https://salt.tikicdn.com/ts/product/a6/1f/81/cd7c128b9d5e5eeb899031af373e6ba3.jpg
60808682,Bệnh Án Của Thần Linh 2,,135000,54000,470.0,Truyện ngắn - Tản văn - Tạp Văn,110,4.8,388.0,Nhà Xuất Bản Hà Nội,https://salt.tikicdn.com/ts/product/b9/c2/62/5ff1a1db34087f81d46484dce1fd05d5.jpg
19349145,Bí Mật Tư Duy Triệu Phú (Tái Bản 2019),T.Harv Eker,99500,99500,2088.0,Bài học kinh doanh,273,4.8,,Nhà Xuất Bản Tổng hợp TP.HCM,https://salt.tikicdn.com/ts/product/bd/9d/5e/7dfa668b2928eebe183138eb14657350.jpg
69219919,Muôn Kiếp Nhân Sinh (Khổ Nhỏ),Nguyên Phong,98000,72000,12009.0,Muôn Kiếp Nhân Sinh (Khổ Nhỏ),2603,4.8,482.0,Nhà Xuất Bản Tổng hợp TP.HCM,https://salt.tikicdn.com/media/catalog/producttmp/df/75/ac/207386a97daf1b2338598005cc8139c9.jpg
207398364,"Gửi Em, Người Bất Tử - Tập 16",Yoshitoki Oima,30000,26100,53.0,"Gửi Em, Người Bất Tử - Tập 16",4,5.0,192.0,NXB Trẻ,https://salt.tikicdn.com/ts/product/5c/5a/00/80648042a85c3468539a4dd1a4a93291.jpg
195801686,Black Jack - Tập 13 (Bìa Mềm),Osamu Tezuka,30000,26100,666.0,Black Jack - Tập 13 (Bìa Mềm),59,5.0,,NXB Trẻ,https://salt.tikicdn.com/ts/product/50/28/1a/950e5ca1065b896a547f067d23089620.jpg
19662170,Tên Tôi Là Đỏ (Tái Bản 2019),Orhan Pamuk,155000,93000,566.0,Tiểu Thuyết,32,4.5,584.0,,https://salt.tikicdn.com/ts/product/ae/bc/da/a90836d2b70a70e614eee8ba543bfb61.jpg
54614797,"Có Một Ngày, Bố Mẹ Sẽ Già Đi",.,96000,58520,10530.0,Truyện ngắn - Tản văn - Tạp Văn,2252,4.8,296.0,Nhà Xuất Bản Thế Giới,https://salt.tikicdn.com/ts/product/89/f1/fc/130e8b3dea2ab17db80879d25381c830.jpg
190861557,Yêu Những Ngày Nắng Chẳng Ghét Những Ngày Mưa,Kulzsc,132000,83001,3940.0,Sách Tô Màu Dành Cho Người Lớn,736,5.0,168.0,Nhà Xuất Bản Phụ Nữ,https://salt.tikicdn.com/ts/product/7f/9a/63/4a0aee6548dfa4f7ae9f95c1c46b983c.jpg
201679848,Tâm Trí Tội Phạm,Same Kaean,249000,169000,12.0,Sách tư duy - Kỹ năng sống,3,5.0,552.0,Nhà Xuất Bản Dân Trí,https://salt.tikicdn.com/ts/product/a7/bc/73/4b1369e384bacb73352c59230ca8e5e1.jpg
72027527,Một Chiến Dịch Ở Bắc Kỳ,Charles-Édouard Hocquard,380000,361000,20.0,Sách Địa Danh - Du Lịch,8,4.8,532.0,Nhà Xuất Bản Hà Nội,https://salt.tikicdn.com/ts/product/f4/08/ec/8dd38862d961dc6db1d806df513f4c68.jpg
143513113,Con Yêu Bố Chừng Nào,Anita Jeram,79000,47400,706.0,Văn học thiếu nhi,72,5.0,32.0,Nhà Xuất Bản Hội Nhà Văn,https://salt.tikicdn.com/ts/product/2a/cf/14/a433018046824b573358c79aa26624b4.jpg
136340700,Trên Lưng Khổng Tượng - Kinh Doanh Online Trên Sàn Thương Mại Điện Tử - Khởi Nghiệp Với Bán Hàng Qua Mạng và Nhãn Hàng Riêng,Trần Thanh Phong,199000,155000,1568.0,Sách Marketing - Bán hàng ,299,5.0,236.0,Nhà Xuất Bản Đà Nẵng,https://salt.tikicdn.com/ts/product/9e/39/3f/6e7e4bc1ab4f9e99131e22e92538cd0b.png
201003776,Dưới Hiên Nhà Bà Già Đọc Boyslove - 5,Tsurutani Kaori,58000,49200,234.0,Dưới Hiên Nhà Bà Già Đọc Boyslove - 5,25,5.0,178.0,Nhà Xuất Bản Hà Nội,https://salt.tikicdn.com/ts/product/35/80/5f/335b943722f10db1e1242cf647361d7d.jpg
200619493,Lớp Học Rùng Rợn - Tập 2,Emi Ishikawa,30000,30000,224.0,Lớp Học Rùng Rợn - Tập 2,19,4.8,,Nhà Xuất Bản Kim Đồng,https://salt.tikicdn.com/ts/product/bf/1f/3d/8a08662322cfaeeb217fbbb3d4723017.jpg
77900454,Bí Mật Của Nước (Tái Bản),Masura Emoto,89000,62300,1766.0,Sách nghệ thuật sống đẹp,242,4.8,200.0,Nhà Xuất Bản Lao Động,https://salt.tikicdn.com/ts/product/da/4d/16/c455dc1526eb3aab7f879e4110cec3d2.jpg
188535338,Bàn Về Âm Nhạc - Trò Chuyện Cùng Seiji Ozawa,Haruki Murakami,168000,100800,392.0,Lĩnh vực khác,52,5.0,400.0,Nhà Xuất Bản Dân Trí,https://salt.tikicdn.com/ts/product/69/f3/ab/b0a300f923b271b4d20fc81e23225319.jpg
75540324,Đất Mồ Côi (Tiểu Thuyết),Cổ Viên,150000,75000,1482.0,Tiểu Thuyết,255,4.7,408.0,Nhà Xuất Bản Hội Nhà Văn,https://salt.tikicdn.com/ts/product/0f/5d/2f/9dd4b105fea3c45c6583cc8f93cfb479.jpg
23416722,How The Body Works - Hiểu Hết Về Cơ Thể,Phạm Hằng Nguyên,300000,180000,5507.0,How The Body Works - Hiểu Hết Về Cơ Thể,940,4.8,220.0,,https://salt.tikicdn.com/ts/product/b8/db/b7/7827a39c17b68337b093de7850fc3337.jpg
17881046,Trầm lặng - Sức mạnh tiềm ẩn của người hướng nội,Susan Cain,120000,86400,1959.0,Sách tư duy - Kỹ năng sống,346,4.8,252.0,,https://salt.tikicdn.com/ts/product/d7/18/2e/396453e71bc0ac06c51d2acb6339f4f8.jpg
105483727,Ổn Định Hay Tự Do,Trương Học Vĩ,129000,83001,4388.0,Sách tư duy - Kỹ năng sống,920,5.0,284.0,Nhà Xuất Bản Văn Học,https://salt.tikicdn.com/ts/product/d1/8a/1d/8f2ddb9fd90182acde96ea43f6b0b6a9.jpg
196932303,Lịch sử bóng đá bằng tranh,David Squires,280000,168000,64.0,Kiến thức - Bách khoa,12,4.8,200.0,Nhà Xuất Bản Dân Trí,https://salt.tikicdn.com/ts/product/33/00/ac/4b959b65fd7bd73004b4885c241dc2bf.jpg
55462653,Dọn Giường Đi Rồi Thay Đổi Thế Giới - 10 Bài Học làm Nên Sự Nghiệp Của Một SEAL Vĩ Đại,William H. McRaven,72000,43200,1764.0,Sách tư duy - Kỹ năng sống,229,4.7,128.0,Nhà Xuất Bản Thế Giới,https://salt.tikicdn.com/ts/product/3e/2b/4e/b7202353c9e57f69a83b197edc567e21.jpg
56377199,Giải Mã Siêu Trí Tuệ,Vishen Lakhiani,159000,106530,306.0,Sách tư duy - Kỹ năng sống,28,4.6,356.0,Nhà Xuất Bản Công Thương,https://salt.tikicdn.com/ts/product/1c/89/fc/fa66037ded9ad4aa625046a30aadc4f1.jpeg
198198468,Hay Chúng Mình Đừng Hứa Hẹn Gì Nhau,Minh Dự,115000,64200,272.0,Truyện ngắn - Tản văn - Tạp Văn,21,5.0,152.0,Nhà Xuất Bản Văn Học,https://salt.tikicdn.com/ts/product/1b/db/85/0086b8776facfa3caf4618dcb824de07.jpg
32592661,Vui học Thành Ngữ Tục Ngữ Ca Dao Bằng Tranh,"Mai Hương (Sưu tầm, Biên soạn)",66000,63700,54.0,Truyện kể cho bé,5,5.0,120.0,Nhà Xuất Bản Phụ Nữ,https://salt.tikicdn.com/ts/product/70/ac/b6/840fa3dd254261d7683c58348d093e4e.jpg
167146640,Bạn Đắt Giá Bao Nhiêu? (Tái Bản 2022),Vãn Tình,129000,90001,1152.0,Sách tư duy - Kỹ năng sống,125,4.8,320.0,Nhà Xuất Bản Thế Giới,https://salt.tikicdn.com/ts/product/de/d9/49/082172f16e35f91827ce6d2f8318ad6b.png
187933654,Tạo Dựng Thương Hiệu Cá Nhân (Tái Bản 2022),Yamamoto Hideyuki,109000,65400,160.0,Sách tư duy - Kỹ năng sống,11,5.0,200.0,Nhà Xuất Bản Thế Giới,https://salt.tikicdn.com/ts/product/14/fe/4b/1e9402201321dceab537b8df213b0862.png
66067655,Trải Nghiệm Khách Hàng Xuất Sắc,Nguyễn Dương,250000,167500,8054.0,"Sách quản trị, lãnh đạo",810,5.0,344.0,Nhà Xuất Bản Thế Giới,https://salt.tikicdn.com/ts/product/1c/fb/b8/f924b4eff4598c5fc7b511be448caa95.jpg
73222800,Nghĩ Giàu Và Làm Giàu (Khổ Nhỏ),Napoleon Hill,108000,71200,1535.0,Bài học kinh doanh,277,4.7,416.0,Nhà Xuất Bản Tổng hợp TP.HCM,https://salt.tikicdn.com/media/catalog/producttmp/3d/c6/eb/bcb715674842719103e296f6355c08b3.jpg
200672813,Combo Sách Seneca: Những Bức Thư Đạo Đức Tập 1 + Tập 2,Lucius Annaeus Seneca,308000,308000,1.0,Sách nghệ thuật sống đẹp,0,0.0,894.0,Nhà Xuất Bản Thế Giới,https://salt.tikicdn.com/ts/product/35/94/d9/bb8738a59fda5f8e9fa774fd6a9ab5c3.jpg
100376369,Đứa Con Gái Hoang Đàng - Hai Số Phận - Phần II,Jeffrey Archer,185000,125000,3058.0,Tiểu Thuyết,747,4.6,836.0,Nhà Xuất Bản Lao Động,https://salt.tikicdn.com/ts/product/b2/01/d3/558095f027444a6b9a1e50d483f48e9c.jpg
181379116,Hackers Toeic Vocabulary (Tái Bản),Hackers,279000,179000,223.0,Sách Học Tiếng Anh,40,4.8,556.0,Nhà Xuất Bản Dân Trí,https://salt.tikicdn.com/ts/product/e0/22/b4/338c84322f68aa7b5224288e65b765e6.jpg
69644752,Toàn Thư Chiêm Tinh Học Nhập Môn,Joanna Martine Woolfolk,350000,234500,4057.0,Sách Chiêm Tinh - Horoscope,1037,5.0,508.0,Nhà Xuất Bản Thế Giới,https://salt.tikicdn.com/ts/product/cb/22/67/8fe8931b78c751781e78c09852b00144.jpg
425716,Atlas Giải Phẫu Cơ Thể Người,BS. Alice Roberts,680000,544000,122.0,Atlas Giải Phẫu Cơ Thể Người,16,5.0,512.0,Nhà Xuất Bản Dân Trí,https://salt.tikicdn.com/media/catalog/product/1/_/1._atlas_giai_phau_nguoi.jpg
199176577,Tâm Lý Học Thói Quen – Quan Sát Có Chủ Đích - Tặng Kèm Bookmark 2 Mặt,Chu Kiến Quốc,99000,60400,92.0,Lĩnh vực khác,7,5.0,265.0,Nhà Xuất Bản Thế Giới,https://salt.tikicdn.com/ts/product/76/b8/d5/f889fe22eb3039a39aa01586b722fe98.jpg
94159129,Franken-Stein Ở Baghdad,Ahmed Saadawi,148000,59200,188.0,Tiểu Thuyết,36,4.7,356.0,Nhà Xuất Bản Hội Nhà Văn,https://salt.tikicdn.com/ts/product/d9/8b/7a/77ab2a7bfd0d048965be10f31b2eda12.jpg
190592910,Combo 2 Cuốn Tâm Lý Kẻ Phạm Tội: 8 Vụ Án Hoàn Hảo + Tâm Lý Học Tội Pham,Nhiều tác giả,290000,200000,173.0,Sách tư duy - Kỹ năng sống,35,5.0,,Nhà Xuất Bản Thanh Niên,https://salt.tikicdn.com/ts/product/71/47/2e/8de9348efd590722ece7f8a63b98b158.jpg
480687,Vô Thường,Nguyễn Bảo Trung,79000,52000,10187.0,Truyện ngắn - Tản văn - Tạp Văn,707,4.8,216.0,,https://salt.tikicdn.com/ts/product/51/cf/19/024f4bacf6c38c06fb537dc41cced5ad.jpg
195573526,The Secret - The Magic - Phép Màu (Tái Bản 2022),Rhowa Byrne,198000,198000,259.0,Sách tư duy - Kỹ năng sống,25,5.0,,Nhà Xuất Bản Thế Giới,https://salt.tikicdn.com/ts/product/0f/3a/43/6400662d3982f395738000b457f2a022.jpg
74983590,Trả Giá,Ioka Shun,188000,75200,261.0,Tiểu Thuyết,53,4.7,508.0,Nhà Xuất Bản Hà Nội,https://salt.tikicdn.com/ts/product/5f/0c/14/31828dee450c372adeabeb31849c4fee.jpg
197920813,Những Nhà Tư Tưởng Lớn - Plato Trong 60 Phút,Walther Ziegler,85000,51000,32.0,Sách Danh Nhân,7,4.7,144.0,Nhà Xuất Bản Hồng Đức,https://salt.tikicdn.com/ts/product/e3/61/11/80baa2d34a0f4a30a59592dc9a91ff92.jpg
162201947,One Piece - Tập 98: “Phút Huy Hoàng Của Những Trung Thần”,Eiichiro Oda,25000,25000,1097.0,One Piece - Tập 98: “Phút Huy Hoàng Của Những Trung Thần”,197,5.0,200.0,Nhà Xuất Bản Kim Đồng,https://salt.tikicdn.com/ts/product/e3/00/f0/23758a731d028df38e23202865a90257.jpg
199039798,Mỹ Vị Hầm Ngục - 4,Kui Ryoko,58000,49200,231.0,Mỹ Vị Hầm Ngục - 4,33,5.0,192.0,Nhà Xuất Bản Hồng Đức,https://salt.tikicdn.com/ts/product/0c/7e/b6/c764552b4049046c72d75fbedc169179.jpg
9948023,Của Chuột Và Người,John Steinbeck,86000,51600,1530.0,Truyện dài,225,4.8,149.0,Nhà Xuất Bản Hội Nhà Văn,https://salt.tikicdn.com/ts/product/d0/37/81/e964a484e38e55f48f42a622c4897589.jpg
129766803,Khác Biệt Hay Là Chết (Tái Bản),Jack Trout,128000,84400,536.0,Sách tư duy - Kỹ năng sống,81,5.0,344.0,Nhà Xuất Bản Tổng hợp TP.HCM,https://salt.tikicdn.com/media/catalog/producttmp/fd/44/5b/7febda78b893cb989215401956ca6bd6.jpg
186237324,Thiên quan tứ phúc - Tập 5 (Tiểu thuyết đam mỹ) -  Tặng kèm 1 bookmark 2 mặt,Mặc Hương Đồng Khứu,159000,119000,350.0,Truyện đam mỹ,85,5.0,392.0,Nhà Xuất Bản Hà Nội,https://salt.tikicdn.com/ts/product/ab/fc/43/f7d836dfdc3b2745af30eff0cd7ee92f.jpg
205227772,1111 - Nhật Ký Sáu Vạn Dặm Trên Yên Xe Cà Tàng,,325000,292500,,Sách Địa Danh - Du Lịch,0,0.0,,NXB Trẻ,https://salt.tikicdn.com/ts/product/51/15/ce/b79555620f87a9ab52e8dc698b2a62a0.jpg
85763211,Hãy Khiến Tương Lai Biết Ơn Vì Hiện Tại Bạn Đã Cố Gắng Hết Mình (Tặng Kèm: 01 Bookmark),Bạch Tô,99000,64001,10037.0,Sách tư duy - Kỹ năng sống,2253,5.0,320.0,Nhà Xuất Bản Văn Học,https://salt.tikicdn.com/ts/product/6f/a1/9b/cdb06e4dfe576e20b4517b48e33ee141.jpg
207852953,Blue Period - Tập 07,Yamaguchi Tsubasa,48000,48000,14.0,Blue Period - Tập 07,1,5.0,192.0,NXB Trẻ,https://salt.tikicdn.com/ts/product/b3/69/07/aa645a4554ad29e6084a5c46cef68f86.jpg
200705613,Doraemon Movie Story: Nobita Và Cuộc Đại Thủy Chiến Sở Xứ Sở Người Cá (Tái Bản 2022),Fujiko F Fujio,32000,32000,,Doraemon Movie Story: Nobita Và Cuộc Đại Thủy Chiến Sở Xứ Sở Người Cá (Tái Bản 2022),0,0.0,,Nhà Xuất Bản Kim Đồng,https://salt.tikicdn.com/ts/product/49/07/b7/5f699b355a49b231d1fb62e3452c829d.jpg
205696535,Chiến Tranh Tiền Tệ - Phần 5 - Tương lai của tiền tệ thế giới – Bình yêu trước giông bão - Song Hong Bing,,134500,134500,,"Sách tài chính, tiền tệ",0,0.0,,Nhà Xuất Bản Lao Động,https://salt.tikicdn.com/ts/product/48/26/5b/db43b8a5259a939ffa4ee598c6a636bc.jpg
185071145,Sói Đầu Đàn Và Cún Nhỏ - Tập 2,Ma Vĩ,135000,101000,2418.0,Sói Đầu Đàn Và Cún Nhỏ - Tập 2,903,5.0,192.0,Nhà Xuất Bản Hà Nội,https://salt.tikicdn.com/ts/product/b0/f8/42/52ddead08d074af75ba84245ed20103d.png
178483637,Nước Ép Trị Liệu Và Chế Độ Ăn Theo Phương Pháp Cơ Thể Tự Chữa Lành,Emma Phạm,199000,139300,1792.0,Nước Ép Trị Liệu Và Chế Độ Ăn Theo Phương Pháp Cơ Thể Tự Chữa Lành,219,5.0,340.0,Nhà Xuất Bản Thế Giới,https://salt.tikicdn.com/ts/product/ce/03/a6/03cea0cb853c06293f9e178896b50f6c.jpg
48323805,Sách Người trong muôn nghề,Nhóm tác giả,169000,169000,5160.0,Sách tư duy - Kỹ năng sống,767,4.8,216.0,Nhà Xuất Bản Hồng Đức - Hội Luật Gia Việt Nam,https://salt.tikicdn.com/ts/product/40/85/88/703b8d979028fe282cd4144bd9db9c2c.png
5154645,Ở Quán Cà Phê Của Tuổi Trẻ Lạc Lối (Tái Bản),,59000,35400,2563.0,Truyện ngắn - Tản văn - Tạp Văn,341,4.8,153.0,,https://salt.tikicdn.com/ts/product/f4/95/89/e31e516898b3e30a9ff5abc092e85d5c.jpg
205942269,Cánh Cổng Sát Nhân,Higashino Keigo,249000,187000,294.0,Truyện trinh thám,23,5.0,526.0,Nhà Xuất Bản Hà Nội,https://salt.tikicdn.com/ts/product/8c/78/d5/0e7c343e57e4344e3a60684484cd1651.jpg
73633330,"Think And Grow Rich - 13 Nguyên Tắc Nghĩ Giàu, Làm Giàu (Tái Bản)",Napoleon Hill,110000,77000,12230.0,Sách kỹ năng làm việc,1958,4.8,399.0,Nhà Xuất Bản Lao Động,https://salt.tikicdn.com/ts/product/0b/cd/50/9c219e191737b2757911b962eeb54c2c.jpg
39521136,Để Hiệu Quả Trong Công Việc (Tái Bản 2019),Brian Tracy,52000,34300,2114.0,Sách kỹ năng làm việc,171,4.8,128.0,,https://salt.tikicdn.com/media/catalog/producttmp/bf/dc/bd/c6f48f3d4137f8dbbe832609e630a386.jpg
169825414,"Bộ 5 Cuốn 10 Vạn Câu Hỏi Vì Sao: Vũ Trụ Kỳ Bí, Thế Giới Thực Vật, Thế Giới Động Vật, Cơ Thể Người, Bí Ẩn Quanh Ta",,249000,249000,74.0,Kiến thức - Bách khoa,7,5.0,,Nhà Xuất Bản Hồng Đức,https://salt.tikicdn.com/ts/product/50/80/1d/4a142b7d700d58b42e96ad26ed241906.jpg
17336364,Phía Sau Nghi Can X (Tái Bản 2019),Higashino Keigo,109000,65400,16595.0,Truyện trinh thám,3213,4.8,396.0,,https://salt.tikicdn.com/ts/product/23/56/86/a538698ead7dc2f693d1e9778417317d.jpg
160370177,Không Ai Qua Sông (Tập Truyện Ngắn Nguyễn Ngọc Tư)(Tái Bản),Nguyễn Ngọc Tư,100000,71900,127.0,Truyện ngắn - Tản văn - Tạp Văn,13,4.8,170.0,NXB Trẻ,https://salt.tikicdn.com/ts/product/b3/40/60/d609217f1e2de9968a8ebfda55ea15b3.jpg
201687274,Có Một Nổi Buồn Vừa Ngang Qua Đây,Gã,88000,64900,114.0,Truyện ngắn - Tản văn - Tạp Văn,6,5.0,192000.0,Nhà Xuất Bản Văn Học,https://salt.tikicdn.com/ts/product/08/fd/a5/05dc5551043717fe7f3793a063d29a6d.jpg
196849394,"Gửi Em, Người Bất Tử - Tập 6 (Tái Bản 2022)",Yoshitoki Oima,30000,23900,217.0,"Gửi Em, Người Bất Tử - Tập 6 (Tái Bản 2022)",28,5.0,,NXB Trẻ,https://salt.tikicdn.com/ts/product/24/d4/ab/55dd65855ffc26b9fa37d899aa1ea261.jpg
69624539,Khoa Học Về Yoga,Ann Swanson,300000,180000,1916.0,Lĩnh vực khác,345,4.8,220.0,Nhà Xuất Bản Thế Giới,https://salt.tikicdn.com/ts/product/bc/d1/08/8acdc2a567cf806aad3c998e4dd26993.jpg
201892200,Black Jack Tập 15 (Bìa Cứng),Osamu Tezuka,135000,115000,183.0,Black Jack Tập 15 (Bìa Cứng),13,5.0,,NXB Trẻ,https://salt.tikicdn.com/ts/product/57/49/21/ce16a30e64bf5343ab4c0aca0310bc9b.jpg
109515310,Truyện Cổ Grim 2,Jacob,200000,162000,171.0,Truyện cổ tích,50,4.8,426.0,Nhà Xuất Bản Hà Nội,https://salt.tikicdn.com/ts/product/5a/f7/05/d848ed245bd98f7f104aaec8d969fa25.jpg
186290810,Chú Bé Rắc Rối (Tái Bản 2022),Nguyễn Nhật Ánh,38000,27300,104.0,Truyện ngắn - Tản văn - Tạp Văn,13,5.0,188.0,NXB Trẻ,https://salt.tikicdn.com/ts/product/9a/cf/ee/6f03cc688cfa861fa06481530872cf92.jpg
198415075,Ikigami - Tập 10,Motoro MASE,45000,39100,287.0,Ikigami - Tập 10,25,5.0,,NXB Trẻ,https://salt.tikicdn.com/ts/product/ca/c2/00/aa9668c548f92f586105a367264fb5c6.jpg
187934204,Nghệ Thuật Quản Lý Tài Chính Cá Nhân (Tái Bản 2022),Brian Tracy,159000,114000,52.0,Sách tư duy - Kỹ năng sống,9,5.0,324.0,Nhà Xuất Bản Lao Động,https://salt.tikicdn.com/ts/product/c5/1e/16/8139f4e30b7b7ad628793698c27bad83.png
56878836,Muôn Kiếp Nhân Sinh (Bìa Cứng),Nguyên Phong,228000,150000,7391.0,Muôn Kiếp Nhân Sinh (Bìa Cứng),1421,5.0,424.0,Nhà Xuất Bản Tổng hợp TP.HCM,https://salt.tikicdn.com/media/catalog/producttmp/29/a4/cd/7e452a841c479d7cc191d2e1e55d721c.jpg
3577375,Khả Năng Gặp Được Nửa Hoàn Hảo Của Mình Là Bao Nhiêu?,,95000,95000,1.0,Sách tư duy - Kỹ năng sống,1,5.0,296.0,Nhà Xuất Bản Thế Giới,https://salt.tikicdn.com/ts/product/2a/6e/c9/e59385a7ccb68c087edcc3213d6b8527.jpg
136980493,"Kinh tế học về Tiền, Ngân hàng và Thị trường Tài chính - Ấn bản thứ 12",Frederic S. Mishkin,888000,888000,30.0,"Sách tài chính, tiền tệ",11,5.0,668.0,Nhà Xuất Bản Tài Chính,https://salt.tikicdn.com/ts/product/32/b2/0a/645d69219718f5a68e1024bb7b06f567.jpg
161008715,Power Vs Force - Trường Năng Lượng Và Những Nhân Tố Quyết Định Hành Vi Của Con Người (Tái Bản),David R.Hawkins,179000,125300,2792.0,Kiến Thức Bách Khoa,281,5.0,398.0,Nhà Xuất Bản Thế Giới,https://salt.tikicdn.com/ts/product/37/54/79/b699efce8c0f4029f424019f561ef327.png
170708219,Đừng Bao Giờ Chia Đôi Lợi Ích Trong Mọi Cuộc Đàm Phán,Chris Voss,179000,112770,237.0,Sách tư duy - Kỹ năng sống,19,5.0,420.0,Nhà Xuất Bản Thế Giới,https://salt.tikicdn.com/ts/product/df/0b/69/70ccc4d4c745203fbeb643731298aeb6.jpg
76012191,"Ta Bắt Đầu Cuộc Đời Mới, Khi Nhận Ra Mình Chỉ Sống Một Lần",Raphaëlle Giordano,108000,64800,1354.0,Truyện ngắn - Tản văn - Tạp Văn,209,5.0,292.0,Nhà Xuất Bản Hội Nhà Văn,https://salt.tikicdn.com/ts/product/91/d7/a4/0b66b99912f2daf81b09fdde03a9a722.jpg
201431426,Vua Sáng Chế - Tập 20,Tatsuki Nohda,20000,19100,210.0,Vua Sáng Chế - Tập 20,19,5.0,,Nhà Xuất Bản Kim Đồng,https://salt.tikicdn.com/ts/product/59/47/ca/d2c7692d29f2ee672506057b3fdd46a8.jpg
188695904,GIẬN (TBL22),Thích Nhất Hạnh,135000,116000,1802.0,GIẬN (TBL22),145,5.0,248.0,Nhà Xuất Bản Thế Giới,https://salt.tikicdn.com/ts/product/56/4a/55/ded53bb350d07e82bf01a2b819a0e100.jpg
160082484,Thực Hành Drucker,William A. Cohen,165000,99000,180.0,"Sách quản trị, lãnh đạo",12,4.8,392.0,Nhà Xuất Bản Dân Trí,https://salt.tikicdn.com/ts/product/98/a5/37/632737c8b712802d71a03ab533c8abdd.jpg
205033951,Một chỗ trong đời,Annie Ernaux,69000,51700,240.0,Tác phẩm kinh điển,14,5.0,98.0,Nhà Xuất Bản Hội Nhà Văn,https://salt.tikicdn.com/ts/product/17/ae/b5/0331341f5afd84a1845acd591572d710.jpg
43775511,Tiếng Hàn Tổng Hợp Dành Cho Người Việt Nam - Sơ Cấp 1 (Bản Đen Trắng),.,150000,120000,191.0,Sách Học Tiếng Hàn,57,5.0,378.0,,https://salt.tikicdn.com/ts/product/9c/4d/7e/f8d244f4ac8300935c4702647dfb51ec.jpg
204473050,Kinh Tế Học Vĩ Mô (2022),,288000,288000,36.0,Giáo Trình Đại Học - Cao Đẳng,1,5.0,,hong duc,https://salt.tikicdn.com/ts/product/f1/31/4d/7f4eec5037978756b691ad1997e6f8fa.jpg
194199552,Nghệ Thuật Thiết Lập Truyền Thông (TBL3),Thích Nhất Hạnh,95000,82100,165.0,Nghệ Thuật Thiết Lập Truyền Thông (TBL3),8,5.0,185.0,Nhà Xuất Bản Thế Giới,https://salt.tikicdn.com/ts/product/87/e0/62/6068400a3351faace31b661eb89f922a.jpg
87959745,Hạnh Phúc Là Con Đường,Hà Vĩnh Thọ,155000,93000,1349.0,Truyện ngắn - Tản văn - Tạp Văn,158,5.0,368.0,Nhà Xuất Bản Thế Giới,https://salt.tikicdn.com/ts/product/06/ed/f7/8d9de8007c05a442588005f1079948c6.jpg
197655112,Bản Đồ Tư Duy Trong Thuyết Trình  (Tái bản 2022),Alphabooks,89000,55500,66.0,Sách kỹ năng làm việc,2,5.0,148.0,Nhà Xuất Bản Dân Trí,https://salt.tikicdn.com/ts/product/3f/e3/9e/62b6b8ebcd67cd841657c67ad92412b5.jpg
152743081,Bàn Tay Ánh Sáng,Barbara Ann Brennan,269000,188000,389.0,Kiến Thức Bách Khoa,50,5.0,624.0,Nhà Xuất Bản Thế Giới,https://salt.tikicdn.com/ts/product/95/27/2f/57db3e1a04439252fc8e4a45ab5dd4d4.jpg
152517438,Dữ Liệu Bạch Kim (Văn Học Trinh Thám),Higashino Keigo,159000,112000,784.0,Truyện trinh thám,149,5.0,460.0,Nhà Xuất Bản Thanh Niên,https://salt.tikicdn.com/ts/product/0e/b7/c4/c9b9969e212eb2ebecce14cc37d5803c.jpg
73553837,Ngọc Sáng Trong Hoa Sen (Tái Bản 2020),Nguyên Phong,128000,84400,566.0,Sách nghệ thuật sống đẹp,103,5.0,368.0,Nhà Xuất Bản Thế Giới,https://salt.tikicdn.com/media/catalog/producttmp/b5/ac/4a/938d265efb596ab0d38992893592619f.jpg
206576729,Phòng Thiết Kế Khai Thiên Lập Địa – Tập 1 [Tặng Bookmark + Sticker],Hebi-zou,36000,36000,31.0,Phòng Thiết Kế Khai Thiên Lập Địa – Tập 1 [Tặng Bookmark + Sticker],4,4.8,144.0,Nhà Xuất Bản Kim Đồng,https://salt.tikicdn.com/ts/product/12/80/34/7469bfe242d9a2e11e2a662ecf7b26ae.jpg
57911668,Kho Báu Bị Nguyền Rủa,Michel Bussi,189000,161000,,Truyện trinh thám,0,0.0,496.0,Nhà Xuất Bản Hội Nhà Văn,https://salt.tikicdn.com/ts/product/bf/01/dd/e52125f3945b634bda6f0de501539652.jpg
13624088,Nghĩ Thiện Để Cuộc Đời Và Công Việc Viên Mãn,Inamori Kazuo,70000,56100,3213.0,Sách tư duy - Kỹ năng sống,206,4.8,196.0,,https://salt.tikicdn.com/ts/product/0d/30/92/e49d2293c601bb8db2164ee14f7a8f3e.jpg
145288026,Chia Rẽ - Tại Sao Chúng Ta Đang Sống Trong Thời Đại Của Những Bức Tường,Tim Marshall,200000,120000,1745.0,Truyện ngắn - Tản văn - Tạp Văn,272,4.8,396.0,Nhà Xuất Bản Dân Trí,https://salt.tikicdn.com/ts/product/15/ce/8e/0d9f11fc37b0de189ba66f4f07359108.jpg
101983078,Ông Nội Vượt Ngục,David Walliams,128000,76800,483.0,Truyện cười,72,4.8,428.0,Nhà Xuất Bản Hội Nhà Văn,https://salt.tikicdn.com/ts/product/38/38/8c/c7467f3ed503b6eada78a60282a2a252.jpg
11368965,Combo Giáo Trình Chuẩn HSK 1 - Bài Học (Kèm 1 MP3) và Giáo Trình Chuẩn HSK 1 - Bài Tập (Kèm 1 MP3) ( Tặng Kèm Viết ),Khương Lệ Bình,356000,284800,2441.0,Sách Học Tiếng Hoa,485,5.0,280.0,Nhà Xuất Bản Tổng hợp TP.HCM,https://salt.tikicdn.com/ts/product/36/1d/51/a0098ab3e0527543fdc4014966a396b3.jpg
167686691,"Sách Tổng Ôn Toán Học 12, Sách Ôn Thi THPT Quốc Gia Moon",Nhiều tác giả,200000,139000,986.0,Sách Luyện Thi Đại Học - Cao Đẳng,287,4.8,358.0,Nhà Xuất Bản Hồng Đức,https://salt.tikicdn.com/ts/product/11/cb/99/eabd5f90765829aee8aa50bede3e03b7.jpg
92859698,Tâm Lý Học Biểu Cảm,Mã Hạo Thiên,98000,63001,6134.0,Sách tư duy - Kỹ năng sống,1332,5.0,252.0,Nhà Xuất Bản Văn Học,https://salt.tikicdn.com/ts/product/0f/b5/c3/0fd8f6c4b9b8070d747465351a02a9b3.jpg
11371241,1Q84 (Tập 1) - Tái Bản,Haruki Murakami,138000,82800,991.0,Tiểu Thuyết,118,4.8,,,https://salt.tikicdn.com/ts/product/5f/ee/f3/6ee420477826d0917b482868dfe67f69.jpg
157317126,50cm Một Cuộc Đời [Boxset 3 Tập],Gin Shirakawa,90000,90000,808.0,Tranh Truyện,299,4.8,,Nhà Xuất Bản Kim Đồng,https://salt.tikicdn.com/ts/product/ae/61/42/93c4aa3fe123648bb455bbfb92749310.jpg
107707575,Kẻ Ái Kỉ Cô Độc - Đi Vào Thế Giới Ẩn Giấu Trong Trái Tim (The Narcissist You Know),Joseph Burgo PhD,135000,88000,230.0,Sách tư duy - Kỹ năng sống,34,5.0,404.0,Nhà Xuất Bản Phụ Nữ Việt Nam,https://salt.tikicdn.com/ts/product/f4/5a/83/458b025629f9f2860f7633f55f70d69c.jpg
193226972,Thế Giới Otomegame Thật Khắc Nghiệt Với Nhân Vật Quần Chúng (Tập 1) - Tái Bản,Mishima Yomu,157000,110001,68.0,Light novel,26,4.8,516.0,Nhà Xuất Bản Thế Giới,https://salt.tikicdn.com/ts/product/43/0e/99/fc59900ec848367d602e565861160172.jpg
160488880,OKR - Từ Chiến Lược Mục Tiêu Đến Kết Quả Then Chốt,Masaru Amono,129000,92000,132.0,"Sách quản trị, lãnh đạo",13,4.8,204.0,Nhà Xuất Bản Công Thương,https://salt.tikicdn.com/ts/product/6c/b5/7b/fd66adaa6a58ea1e796a71eb19a0cddb.jpg
6563565,10 vạn câu hỏi vì sao - trọn bộ 5 tập,Đức Anh,219000,157000,15471.0,Kiến thức - Bách khoa,1674,4.7,203.0,,https://salt.tikicdn.com/ts/product/63/3e/6d/cd60627a92eb68c66c88ad2210296975.jpg
160488838,Axit Và Kiềm Trong Thực Dưỡng (Tái Bản),Herman Aihara,75000,52500,724.0,Axit Và Kiềm Trong Thực Dưỡng (Tái Bản),81,5.0,214.0,Nhà Xuất Bản Thế Giới,https://salt.tikicdn.com/ts/product/5c/45/90/17dd600ff1ba2d4dfb2cb017766a7f32.jpg
52785564,Dịch Hạch (Nobel Văn Chương 1957),Albert Camus,129000,77400,2904.0,Tác phẩm kinh điển,508,4.6,392.0,Nhà Xuất Bản Dân Trí,https://salt.tikicdn.com/ts/product/36/48/39/2ef073f6a40a268deb12ecc35a6b1145.jpg
76012201,Những Ngày Thơ Ấu (Việt Nam Danh Tác),Nguyên Hồng,75000,45000,631.0,Truyện ngắn - Tản văn - Tạp Văn,135,4.8,184.0,Nhà Xuất Bản Hội Nhà Văn,https://salt.tikicdn.com/ts/product/10/46/b1/25a5b8c0299dcf3ab0c6bfe65fca24e3.jpg
984938,Gã Nghiện Giày - Tự Truyện Của Nhà Sáng Lập NIKE,Phil Knight,160000,115000,8535.0,Sách doanh nhân,626,4.8,,,https://salt.tikicdn.com/media/catalog/product/g/a/ganghiengiay.u5430.d20171002.t100231.992728.jpg
190601858,Tạo lập kế hoạch kinh doanh for Dummies,Veechi Curtis,249000,174000,104.0,Bài học kinh doanh,10,5.0,504.0,Nhà Xuất Bản Công Thương,https://salt.tikicdn.com/ts/product/3c/d5/bc/fbea90d52fc7655a3b6763cef475d67e.jpg
200928947,Những Gì Đã Qua Đừng Nghĩ Lại Quá Nhiều,Minh Mẫn - Du Phong,98000,58000,181.0,Truyện ngắn - Tản văn - Tạp Văn,12,4.7,208.0,Nhà Xuất Bản Văn Học,https://salt.tikicdn.com/ts/product/a2/cb/35/1a72e3df4fb6bdc5b76b240aeb80c9c8.jpg
166033489,Hoàng Tử Bé (Tái Bản 2022),Antoine De Saint-Exupéry,35000,30100,1142.0,Truyện kể cho bé,143,5.0,112.0,Nhà Xuất Bản Kim Đồng,https://salt.tikicdn.com/ts/product/2b/fd/60/96a7a7b9b2a7fac4cc1600918c59b8cf.jpg
197588251,Tô Màu Phát Triển Não Bộ Cho Bé 1-5 Tuổi Tập 7,Phạm Ngọc Điệp,16000,9600,43.0,Tô màu - Luyện chữ  ,3,5.0,20.0,Nhà Xuất Bản Dân Trí,https://salt.tikicdn.com/ts/product/ec/15/0c/84a0bba19292c281e2b45f8b18a627f5.jpg
8011021,Tâm Lý Học Thành Công (Tái Bản),Carol S. Dweck,199000,129000,548.0,Sách tư duy - Kỹ năng sống,85,5.0,480.0,Nhà Xuất Bản Lao Động,https://salt.tikicdn.com/ts/product/41/c8/23/86289a16b242a20ca172c0d9b9c7b978.jpg
59362963,Osho Đàn Ông - The Book Of Men,Osho,119000,83300,1315.0,Sách giáo dục,181,4.8,325.0,Nhà Xuất Bản Hà Nội,https://salt.tikicdn.com/ts/product/f8/52/e3/a9775f490ee377b8ce21200eb86219bf.jpg
27971953,Lược Sử Tôn Giáo,Richard Holloway,129000,77400,4438.0,Lược Sử Tôn Giáo,579,4.7,308.0,,https://salt.tikicdn.com/ts/product/5c/69/27/5a19171b7de6d9b6b2c4ecbf9c005f19.jpg
202895290,Chuyện Con Ốc Sên Muốn Biết Tại Sao Nó Chậm Chạp,Neil Gaiman,45000,27000,22.0,Sách tư duy - Kỹ năng sống,0,0.0,83.0,Nhà Xuất Bản Hội Nhà Văn,https://salt.tikicdn.com/ts/product/f1/45/6a/ef4bde8959c84e5e968fed3a8b93c431.jpg
206844673,Những trận chiến thay đổi lịch sử, DK,500000,400000,22.0,Lịch Sử Thế Giới,6,5.0,256.0,Nhà Xuất Bản Dân Trí,https://salt.tikicdn.com/ts/product/7b/96/f6/331f9bbb82e17e3891b085aad27d8867.jpg
194960730,Nỗi buồn chiến tranh,Bảo Ninh,130000,90100,398.0,Tiểu sử - Hồi ký,51,5.0,,NXB Trẻ,https://salt.tikicdn.com/ts/product/5d/9b/ea/cc61ab0dd4ed7f00589fc7c49d7ca1dd.jpg
186229224,Bộ Sách Khởi Nghiệp Kinh Doanh Online - Marketing và Bán Hàng Hiệu Quả Với Thương Mại Điện Tử Tại Việt Nam,,378000,295000,264.0,Sách khởi nghiệp,34,5.0,,Nhà Xuất Bản Đà Nẵng,https://salt.tikicdn.com/ts/product/e7/20/da/337839b1c11bd3d68d789fee1aa783bc.png
94803499,Rừng Sâu Tăm Tối,Ruth Ware,165000,157000,11.0,Tiểu Thuyết,5,4.8,432.0,Nhà Xuất Bản Hội Nhà Văn,https://salt.tikicdn.com/ts/product/ae/8a/c9/60457050a34cad60febda55f02bc0285.jpg
92551275,Sách - Tin Vào Chính Mình - First News,,68000,64600,,Sách tư duy - Kỹ năng sống,0,0.0,160.0,Nhà Xuất Bản Tổng hợp TP.HCM,https://salt.tikicdn.com/ts/product/70/94/34/0f2c4ee946c85cf54d855017c0c2cc5f.jpg
52329765,Biên Niên Ký Chim Vặn Dây Cót (Tái Bản 2020),Haruki Murakami,199000,119400,2303.0,Tiểu Thuyết,533,4.8,720.0,Nhà Xuất Bản Hội Nhà Văn,https://salt.tikicdn.com/ts/product/70/d5/57/86a39f54565770a8a98fba90769633fc.jpg
199241859,Blue Flag - Tập 4,Kaito,45000,45000,251.0,Blue Flag - Tập 4,31,5.0,208.0,Nhà Xuất Bản Kim Đồng,https://salt.tikicdn.com/ts/product/ae/35/53/0e548df175300695facb371d7265620d.jpg
160488843,"Sống Như Một Cái Cây: Không Tham Lam, Không Chiến Đấu Vô Ích, Sống Khôn Ngoan Một Cách Thầm Lặng",Osamu Tanaka,65000,45500,316.0,Sách nghệ thuật sống đẹp,49,5.0,164.0,Nhà Xuất Bản Công Thương,https://salt.tikicdn.com/ts/product/0c/02/22/66c90fce39563c7d36b91c709d466ff0.jpg
205039751,Đúng Lúc Sẽ Hạnh Phúc Đúng Người Sẽ Bình Yên,Hẻoo,92000,72100,20.0,Truyện ngắn - Tản văn - Tạp Văn,1,5.0,232.0,Nhà Xuất Bản Phụ Nữ,https://salt.tikicdn.com/ts/product/4b/30/2a/78e70394cecce3719f7b8b78e4e3799a.jpg
197587864,Những chuyện tình thế kỷ mới,Tàn Tuyết,208000,124800,139.0,Tiểu Thuyết,15,5.0,536.0,Nhà Xuất Bản Phụ Nữ,https://salt.tikicdn.com/ts/product/65/b9/29/4d5f33dea779876dd400eb781f85e39f.jpg
3656561,Animorphs - Người Hóa Thú - Tập 3: Cuộc Đối Đầu,Katherine Applegate,63000,25200,565.0,Truyện dài,20,5.0,172.0,,https://salt.tikicdn.com/ts/product/4f/52/f1/d48d8eb2120e230a05e8257a47715f5a.jpg
205423656,Nhân Duyên Tiền Kiếp,,195000,195000,,Nhân Duyên Tiền Kiếp,0,0.0,,Nhà Xuất Bản Thanh Niên,https://salt.tikicdn.com/ts/product/12/12/90/21d482d8a69ed6e77d2ab3b232ca7159.jpg
16422526,365 Chuyện Kể Trước Giờ Đi Ngủ - Những Câu Chuyện Phát Triển Chỉ Số Tình Cảm EQ (Tái Bản),.,78000,57000,1219.0,Truyện kể cho bé,185,4.7,,,https://salt.tikicdn.com/ts/product/78/17/a6/5d2092167c688437c0e8dfe6b5c2e0de.jpg
109310241,7 Chiến Lược Thịnh Vượng Và Hạnh Phúc (Tái Bản),Jim Rohn,85000,59500,384.0,Sách kỹ năng làm việc,37,5.0,216.0,Nhà Xuất Bản Thế Giới,https://salt.tikicdn.com/ts/product/f7/5b/4d/0118a524e4009423e60d399b028ab171.jpg
205799432,Refresh! 20 Ngày Làm Mới Bản Thân,,199000,159200,,Sách tư duy - Kỹ năng sống,0,0.0,,Nhà Xuất Bản Thế Giới,https://salt.tikicdn.com/ts/product/cf/95/66/2188ab87ab49707dde9e1bc892e238f6.jpg
1476937,Dám Bị Ghét,Koga Fumitake,96000,57600,45858.0,Tiểu Thuyết,3457,4.8,336.0,,https://salt.tikicdn.com/ts/product/74/11/ff/6304c47fec56e6f0b2110be65af0c7c2.jpg
202450668,Cuộc Chiến Tỏ Tình Tập 4 [Tặng Kèm 1 Trong 2 Mẫu Thẻ Học Sinh],Aka Akasaka,40000,37000,178.0,Cuộc Chiến Tỏ Tình Tập 4 [Tặng Kèm 1 Trong 2 Mẫu Thẻ Học Sinh],21,4.8,208.0,Nhà Xuất Bản Kim Đồng,https://salt.tikicdn.com/ts/product/ec/13/a7/f08ca31f5af80a159f4e2ba79bdf6a03.jpg
201712780,LOVED - Marketing cho sản phẩm công nghệ - Định hình cách thế giới nghĩ về bạn,Martina Lauchengco,285000,256500,,Sách Marketing - Bán hàng ,0,0.0,372.0,Nhà Xuất Bản Dân Trí,https://salt.tikicdn.com/ts/product/e5/92/59/e6c23ace7f9e22164dd4bb7748f83068.jpg
53243293,"Green Smoothies - Giảm Cân, Làm Đẹp Da, Tăng Cường Sức Đề Kháng Với 7 Ngày Uống Sinh Tố Xanh",,159000,123000,5166.0,Sách Làm Đẹp,614,4.8,168.0,Nhà Xuất Bản Thế Giới,https://salt.tikicdn.com/ts/product/1f/15/19/0ae02b850d2ac23a80897cac699417de.jpg
76531748,Sách DevUP,,149000,149000,1178.0,Sách tư duy - Kỹ năng sống,277,4.8,204.0,Nhà Xuất Bản Thế Giới,https://salt.tikicdn.com/ts/product/ca/de/a9/f8566b89be89a63f8655eac76de76e9a.jpg
194960744,Đừng bao giờ đi ăn một mình,Keith Ferrazzi,145000,107000,111.0,Sách Marketing - Bán hàng ,7,5.0,,NXB Trẻ,https://salt.tikicdn.com/ts/product/fe/dc/0d/bda7fab4d636e85557ccc8841f36cd40.jpg
207494286,666 Satan Tập 4 [Tặng Kèm Bookmark Nhân Vật],Seishi Kishimoto,30000,30000,20.0,666 Satan Tập 4 [Tặng Kèm Bookmark Nhân Vật],2,5.0,192.0,Nhà Xuất Bản Kim Đồng,https://salt.tikicdn.com/ts/product/fa/83/e5/fb26597d567aa82503f1f8e4396eaebd.jpg
198198501,Ngang Tàng - Tập 2,Vu Triết,198000,124900,137.0,Truyện dài,27,5.0,488.0,Nhà Xuất Bản Hội Nhà Văn,https://salt.tikicdn.com/ts/product/03/29/e9/fea3565b552be581c13655baad3b1c6a.jpg
74362508,Thần Số Học Ứng Dụng,Joy Woodward,129000,70950,8164.0,Sách Chiêm Tinh - Horoscope,1477,4.8,280.0,Nhà Xuất Bản Thanh Niên,https://salt.tikicdn.com/ts/product/81/47/55/75dec2ab26549c43e2a08bcbfdf8c295.jpg
126742911,"Món Quà Của Linh Hồn - 
Sức Mạnh Chữa Lành Của Những Thữ Thách Trong Cuộc Sống",Robert Schwartz,289000,202300,711.0,Sách tư duy - Kỹ năng sống,115,5.0,728.0,Nhà Xuất Bản Hà Nội,https://salt.tikicdn.com/ts/product/51/a9/55/7b9e5c4ea5e63d7fc65e371fd86dbcc8.jpg
162832796,Rilla Dưới Mái Nhà Bên Ánh Lửa,Lucy Maud Montgomery,200000,120000,534.0,Tác phẩm kinh điển,99,5.0,520.0,Nhà Xuất Bản Hội Nhà Văn,https://salt.tikicdn.com/ts/product/46/d4/c5/256f0bce9c7242e3f763240fda75bf07.jpg
121185870,Và Rồi Núi Vọng,Khaled Hosseini,148000,88800,1089.0,Tiểu Thuyết,224,5.0,512.0,Nhà Xuất Bản Hội Nhà Văn,https://salt.tikicdn.com/ts/product/df/36/d9/b067ce3b894d2d1c3192ea78682f690b.jpg
197657911,Tiếng Núi,Kawabata Yasunari,220000,132000,854.0,Tác phẩm kinh điển,79,4.8,384.0,Nhà Xuất Bản Hà Nội,https://salt.tikicdn.com/ts/product/06/b0/b9/7ab33a63c472dddb0310a528119118b9.jpg
116397449,Người Tình Sputnik,Haruki Murakami,86000,51600,1057.0,Tiểu Thuyết,208,5.0,283.0,Nhà Xuất Bản Hội Nhà Văn,https://salt.tikicdn.com/ts/product/a8/24/dc/a64af347987a72011097fd4aa72839e7.jpg
111285054,Quẳng Gánh Lo Đi & Vui Sống (Tái Bản),Dale Carnegie,86000,56700,1565.0,Sách nghệ thuật sống đẹp,187,5.0,312.0,Nhà Xuất Bản Tổng hợp TP.HCM,https://salt.tikicdn.com/media/catalog/producttmp/d0/c2/04/af1acf9c243b19d989186488af670b0d.jpg
148937391,Bóng đêm ký ức - trọn bộ 2 tập - Điều tra phá án - Tặng Bookmark mặt trăng độc quyền,Giảo Giảo,330000,154000,314.0,Tiểu Thuyết,61,5.0,1048.0,NXB Dân Trí,https://salt.tikicdn.com/ts/product/18/b6/b2/90ea348c3345a96e1d9e5545a4446c84.png
129381092,Tư Duy Lại Lợi Thế Cạnh Tranh - 6 Quy Tắc Mới Cho Thời Đại Số,Ram Charan,110000,89100,171.0,"Sách quản trị, lãnh đạo",22,5.0,256.0,NXB Trẻ,https://salt.tikicdn.com/ts/product/1d/6f/65/d9daa43fda26e944a52fcd1e58ce3676.jpg
96357336,Cáo Pax,Sara Pennypacker,116000,69600,1589.0,Tiểu Thuyết,303,5.0,272.0,Nhà Xuất Bản Hội Nhà Văn,https://salt.tikicdn.com/ts/product/5b/36/d2/98867ec1bf4432c70d138985d17df349.jpg
131843989,Bên Kia Đường Có Đứa Dở Hơi (Tái Bản),Wendelin Van Draanen,79000,53000,336.0,Tiểu Thuyết,44,5.0,292.0,Nhà Xuất Bản Phụ Nữ Việt Nam,https://salt.tikicdn.com/ts/product/78/43/16/dc78068c1a4c4d3019cfcad6d34840ba.jpg
1534613,Giáo Trình Chuẩn HSK 5 Bài Học (Tập 1),Khương Lệ Bình,278000,183600,2117.0,Sách Học Tiếng Hoa,278,4.8,196.0,Nhà Xuất Bản Tổng hợp TP.HCM,https://salt.tikicdn.com/ts/product/5f/74/6f/9d36047259f6258f3e997e67848f5f6e.jpg
153521878,Nhân Loại - Một Lịch Sự Tràn Đầy Hi Vọng,Rutger Bregman,245000,176000,429.0,Kiến Thức Bách Khoa,52,4.8,482.0,Nhà Xuất Bản Mỹ Thuật,https://salt.tikicdn.com/ts/product/5e/2e/10/361ceb5a58a4d04a16e9fc4bb6d5947c.jpg
121635152,Không Ai Có Thể Làm Bạn Tổn Thương Trừ Khi Bạn Cho Phép (Tặng Kèm 1 Bộ Bookmark Gồm 4 Cái),Yoo Eun Jung,119000,72800,7994.0,Sách tư duy - Kỹ năng sống,1418,5.0,304.0,Nhà Xuất Bản Dân Trí,https://salt.tikicdn.com/ts/product/48/cf/b6/591dc6b51337aca15183552706b57087.jpg
194104631,Mong Bạn Đừng Khóc Một Mình,Ahn Sang Hyun,88000,67100,208.0,Sách nghệ thuật sống đẹp,18,4.8,192.0,Nhà Xuất Bản Dân Trí,https://salt.tikicdn.com/ts/product/a6/92/1c/3a5b15efcceb756c988ab0789c5d0af5.jpg
176550321,Bàn Về Ham Muốn: Tại Sao Chúng Ta Muốn Thứ Mà Ta Muốn,William B. Irvine,169000,118000,1223.0,Sách nghệ thuật sống đẹp,125,4.8,372.0,Nhà Xuất Bản Công Thương,https://salt.tikicdn.com/ts/product/ec/0d/db/881ef8e65256f339b31a35ae03c5de75.jpg
193684715,Ngoan Cường Vượt Định Kiến,Chimamanda Ngozi Adichie,79000,56900,175.0,Sách Tâm Lý Tuổi Teen,17,4.6,112.0,Nhà Xuất Bản Thanh Niên,https://salt.tikicdn.com/ts/product/58/bf/45/a3b406c7313d54bb6190167c40f1545b.jpg
55078233,#Hashtag 01: Drink - Kinh Doanh Đồ Uống Tại Thị Trường Việt Nam (Tái bản 2020),.,200000,140000,1092.0,Sách Marketing - Bán hàng ,153,4.8,140.0,Nhà Xuất Bản Lao Động,https://salt.tikicdn.com/ts/product/45/8b/e6/f31efedec087898f63fb6d84ca165332.jpg
206308045,Yu-Gi-Oh! Gx Tập 3: Vòng Bảng Kết Thúc!! [Tặng Kèm Bookmark PVC],Kazuki Takahashi,30000,29100,74.0,Yu-Gi-Oh! Gx Tập 3: Vòng Bảng Kết Thúc!! [Tặng Kèm Bookmark PVC],6,4.8,192.0,Nhà Xuất Bản Kim Đồng,https://salt.tikicdn.com/ts/product/c9/a6/a7/3c649431f124d0646d38382303f72790.jpg
117681065,Sống Thực Tế Giữa Đời Thực Dụng (Tái Bản),Mễ Mông,129000,97000,2087.0,Sách tư duy - Kỹ năng sống,441,4.8,360.0,Nhà Xuất Bản Thanh Niên,https://salt.tikicdn.com/ts/product/63/0e/68/ee6afa97336e0d8aa3beb3777db80c4c.jpg
205942262,Kinh Khủng Gì - Đâu,Julia Dohaldson,65000,39000,21.0,Truyện tranh thiếu nhi,0,0.0,26.0,Nhà Xuất Bản Hội Nhà Văn,https://salt.tikicdn.com/ts/product/5a/c7/ff/cee4cfd599a1c8e24ff2292429d20ad2.jpg
11841468,Đừng Bán Bảo Hiểm Hãy Trao Giải Pháp,Pilot Nguyễn,120000,97100,3763.0,Sách kỹ năng làm việc,184,4.7,248.0,Nhà Xuất Bản Tổng hợp TP.HCM,https://salt.tikicdn.com/ts/product/8f/69/ac/1b8bf3e9ba8f1d71577c9b6916c1ca72.jpg
480216,Quấn Quít,Émile Ajar,54000,27000,575.0,Tiểu Thuyết,9,5.0,,,https://salt.tikicdn.com/media/catalog/product/d/e/demo3-quanquit.jpg
3608625,Payback Time - Ngày Đòi Nợ,Phil Town,299000,299000,31234.0,Bài học kinh doanh,4311,4.8,280.0,Nhà Xuất Bản Thế Giới,https://salt.tikicdn.com/ts/product/64/cd/ba/c12f6fca49de9767c6c167c0030f7985.png
77448426,Món Lạ Miền Nam (Tái Bản),Vũ Bằng,58000,34800,337.0,Truyện ngắn - Tản văn - Tạp Văn,60,4.8,353.0,Nhà Xuất Bản Hội Nhà Văn,https://salt.tikicdn.com/ts/product/cf/ae/37/d0b918f37f7fe88d01e2d76c444529ae.jpg
186578993,Đu Đưa Trên Ngọn Cây Bàng,Nguyễn Hoàng Diệu Thủy,118000,70800,169.0,Truyện dài,13,5.0,248.0,Nhà Xuất Bản Phụ Nữ,https://salt.tikicdn.com/ts/product/db/ca/bd/6faafc33dbaf22bf7d21b4dd39f09c16.jpg
205986080,3x3 Eyes - Cô Bé Ba Mắt - Tập 02,Yuzo Takada,90000,78300,136.0,3x3 Eyes - Cô Bé Ba Mắt - Tập 02,11,4.8,394.0,NXB Trẻ,https://salt.tikicdn.com/ts/product/ca/f7/b4/fe886ba2543d18f6bf14947216284cce.jpg
50723822,Con Đường Đi Đến Thành Công Bằng Sự Tử Tế (Tái Bản 2020),Inamori Kazuo,70000,50800,3866.0,Sách tư duy - Kỹ năng sống,253,4.8,204.0,NXB Trẻ,https://salt.tikicdn.com/ts/product/3d/9a/cf/c877639553c09297cafeb8d4a67ff1bd.jpg
201892202,Anh Em Phi Hành Gia - Tập 36,Chuya Koyama,45000,36000,149.0,Anh Em Phi Hành Gia - Tập 36,12,5.0,,NXB Trẻ,https://salt.tikicdn.com/ts/product/99/ee/e3/ef17a669e205cb28c22d137f30bd17f3.jpg
147920905,Đường Mây Qua Xứ Tuyết (Tái Bản),Lama Anagarika Govinda,118000,77800,547.0,Sách Địa Danh - Du Lịch,81,5.0,320.0,Nhà Xuất Bản Thế Giới,https://salt.tikicdn.com/media/catalog/producttmp/3c/ea/c1/f99f98f27c54ca06417ec962574cf22f.jpg
109998520,Bạn Đỡ Ngu Ngơ Rồi Đấy (Bạn Muốn Chế Ngự Tâm Lý Đám Đông)(Tái Bản),David McRaney,129000,92400,614.0,Sách tư duy - Kỹ năng sống,130,5.0,384.0,Nhà Xuất Bản Thế Giới,https://salt.tikicdn.com/ts/product/6a/6c/3d/0f49c16d66b5a0761cc25e721fa2722a.jpg
83004183,Nhóc Miko! Cô Bé Nhí Nhảnh 34,ONO Eriko,20000,16400,2115.0,Nhóc Miko! Cô Bé Nhí Nhảnh 34,529,5.0,188.0,NXB Trẻ,https://salt.tikicdn.com/ts/product/ab/9e/b1/b2921bbcf828873ddf1d6b09600ff5b8.jpg
87978940,Hashtag No.4 Food - Khởi Sự Kinh Doanh Dịch Vụ Ăn Uống (2 Cuốn),,325000,227500,614.0,Sách khởi nghiệp,130,5.0,448.0,Nhà Xuất Bản Dân Trí,https://salt.tikicdn.com/ts/product/09/d2/e5/7b42ec32caf9e0847f74806c1e63b4f1.jpg
207256575,Định luật Murphy – Mọi bí mật tâm lý thao túng cuộc đời bạn,Từ Thính Phong,119000,92400,8.0,Lĩnh vực khác,0,0.0,280.0,Nhà Xuất Bản Thế Giới,https://salt.tikicdn.com/ts/product/11/b9/cd/6908d07d93737fd12fd452f05e174a17.jpg
145511903,Combo 2 cuốn: Giận (Tái Bản 2021) + Không Diệt Không Sinh Đừng Sợ Hãi ( Phát Triển Khả Năng Sống Thực Thị/ Tặng kèm Bookmark),,230500,230500,52.0,Sách nghệ thuật sống đẹp,7,5.0,,Nhiều Nhà Xuất Bản,https://salt.tikicdn.com/ts/product/98/06/c0/d88d1421168f67c122f70062246e27db.jpg
8704163,Thống Kê Trong Kinh Tế Và Kinh Doanh - Statistics For Business And Economics,David R. Anderson,440000,418000,1231.0,"Sách tài chính, kế toán",181,4.8,889.0,Nhà Xuất Bản Kinh Tế TPHCM,https://salt.tikicdn.com/ts/product/4f/07/f5/846e03fdabc7ebd857ef35d1b4208bd6.jpg
103284675,Buồng Tắm,Jean,80000,44000,391.0,Tiểu Thuyết,65,4.8,104.0,Nhà Xuất Bản Hội Nhà Văn,https://salt.tikicdn.com/ts/product/2b/d0/7f/a7256910470b6490762277c5cd2022a3.jpg
192697068,Sách Bước Ra Thế Giới: Cẩm Nang Du Học Và Săn Học Bổng,Nhóm tác giả Spiderum,299000,280000,236.0,Sách tư duy - Kỹ năng sống,19,4.8,492.0,Nhà Xuất Bản Thế Giới,https://salt.tikicdn.com/ts/product/6f/2c/09/c1885a8bc8abaa60e777ca67705e1b61.png
107802188,Bí Mật Tư Duy Triệu Phú (Tái Bản),T.Harv Eker,108000,71200,1701.0,Sách tư duy - Kỹ năng sống,273,5.0,292.0,Nhà Xuất Bản Phụ Nữ Việt Nam,https://salt.tikicdn.com/media/catalog/producttmp/b8/2b/e5/ca368aed46fedca418808238021155fb.jpg
181699664,Những Ngã Tư Và Những Cột Đèn,Trần Dần,200000,160000,567.0,Truyện ngắn - Tản văn - Tạp Văn,87,5.0,650.0,Nhà Xuất Bản Hội Nhà Văn,https://salt.tikicdn.com/ts/product/c5/17/2a/c89f2dc751b1e1964206ba33466bdf98.jpg
196831943,"Lịch Sử Văn Minh Thế Giới Phần IV “Thời Đại Đức Tin”, Tập 2: Văn Minh Hồi Giáo Và Do Thái",Will Durant,275000,156400,148.0,Lịch Sử Thế Giới,18,4.8,628.0,Nhà Xuất Bản Khoa Học Xã Hội,https://salt.tikicdn.com/ts/product/6b/f3/10/2d834a069d9dbe3554b1eeedea5f5437.jpg
1404169,Thư Gửi Từ Miến Điện,Aung San Suu Kyi,92000,73600,4.0,Tiểu Thuyết,1,5.0,248.0,,https://salt.tikicdn.com/ts/product/10/6e/d3/b999083f9c93fe0793a56e3ce47bc6a5.jpg
138934624,Tô Màu Phát Triển Trí Não Bộ Cho Bé 1-3 Tuổi - Tập 1,,16000,9600,193.0,Tô màu - Luyện chữ  ,21,5.0,10.0,Nhà Xuất Bản Dân Trí,https://salt.tikicdn.com/ts/product/e7/de/ae/5cc2f7735d14269276d1331061f0bf0c.jpg
27582931,How Money Works - Hiểu Hết Về Tiền,Dịch giả Bùi Thị Quỳnh Chi,300000,180000,8546.0,Bài học kinh doanh,1291,4.7,257.0,,https://salt.tikicdn.com/ts/product/d9/00/9e/9ba4a6dbd6700f9c6abd30f1a65b93c4.jpg
184070221,OSHO - Hiểu - Đường Đến Tự Do,Osho,168000,110800,911.0,Sách nghệ thuật sống đẹp,121,5.0,368.0,Nhà Xuất Bản Dân Trí,https://salt.tikicdn.com/media/catalog/producttmp/38/2b/7c/3f7d16217d15b7b0030c9577b8c2cec8.jpg
38265901,Điều Quan Trọng Nhất – The Most Important Thing,Howard Marks,299000,299000,4356.0,"Sách tài chính, tiền tệ",568,4.7,378.0,Nhà Xuất Bản Thế Giới,https://salt.tikicdn.com/ts/product/b3/98/f3/97711a7a7a0efc3e6d3ecfae4a43655f.jpg
1674007,Trước Khi Nhắm Mắt,Keigo Higashino,108000,71000,3728.0,Truyện trinh thám,281,4.6,396.0,,https://salt.tikicdn.com/ts/product/aa/df/9e/c017e7d9fdb2d2c91b665724fd3e686a.jpg
95039245,Sách Tư Duy Tâm Lý Hay Nhất - Thuật đọc tâm,,239000,160130,37.0,Sách tư duy - Kỹ năng sống,3,5.0,548.0,Nhà Xuất Bản Thanh Niên,https://salt.tikicdn.com/ts/product/d6/d3/bc/aab8bb20090149d8cad6dfb0b761eff2.jpg
54053152,"Kiếm Tiền Thời Khủng Hoảng - Thoát Khỏi Các Trò Lừa Đảo Khi Thị Trường Chứng Khoán, Bất Động Sản Và Tài Chính Suy Thoái (Tái Bản 2020)",,169000,105400,821.0,Bài học kinh doanh,106,4.8,392.0,Nhà Xuất Bản Công Thương,https://salt.tikicdn.com/ts/product/a6/0f/44/d1ad02681fd85703ab74695c389360de.jpg
199614166,Trái Cây Đại Chiến Zombie - Thế Giới Khủng Long: Tập 3: Trận Chiến Xuyên Thời Gian,Tiếu Giang Nam,89000,66400,22.0,Truyện tranh thiếu nhi,0,0.0,174.0,Nhà Xuất Bản Phụ Nữ Việt Nam,https://salt.tikicdn.com/ts/product/a7/60/95/96d13a895c4d6fdd7d8c77c0ce6d1010.jpg
143172597,2000 English Collocation and Idioms,Trang Anh,200000,104000,1872.0,Sách Học Tiếng Anh,490,4.8,,Nhà Xuất Bản Hồng Đức,https://salt.tikicdn.com/ts/product/e4/a7/2f/0b62e23ebea5d5d1a5e3409481e6bd69.png
198198467,Mình Ngồi Xuống Kể Tổn Thương Trong Lòng,Minh Dự,99000,55300,267.0,Truyện ngắn - Tản văn - Tạp Văn,22,5.0,128.0,Nhà Xuất Bản Hà Nội,https://salt.tikicdn.com/ts/product/2e/46/e4/004826923a9187a12841d0b32c7eaad8.jpg
67060008,"Phát Triển Trí Tuệ Cảm Xúc - Gấu Ơi, Con Lo Lắng Đến Chừng Nào?",Jayneen Sanders,50000,30000,911.0,Kiến thức - Bách khoa,91,5.0,40.0,Nhà Xuất Bản Dân Trí,https://salt.tikicdn.com/ts/product/23/4d/63/2c2a12ce291bd8c02f3814c66c07d9f8.jpg
201037627,Grimgar - Ảo Ảnh Và Tro Tàn Level.14 - [Parano_Mania],Ao Jyumonji,100000,72200,170.0,Grimgar - Ảo Ảnh Và Tro Tàn Level.14 - [Parano_Mania],19,5.0,,Nhà Xuất Bản Kim Đồng,https://salt.tikicdn.com/ts/product/96/c0/63/eda9798b34e6fc4536acd74cff6dcfad.jpg
24862418,Stephen Hawking: Một Trí Tuệ Không Giới Hạn,BBC,189000,126630,18.0,Tiểu sử - Hồi ký,5,3.8,110.0,Nhà Xuất Bản Tri Thức,https://salt.tikicdn.com/ts/product/8f/a3/d2/d9db0babdad9a47e443ee0e0af82b999.jpg
114228620,Combo Tiếng Hàn Tổng Hợp Sơ Cấp 1 Dành Cho Người Việt Nam Bản In Màu - Học Kèm App,nhieu tac gia,320000,224000,159.0,Sách Học Tiếng Hàn,45,5.0,378.0,Nhà Xuất Bản Đại Học Quốc Gia Hà Nội,https://salt.tikicdn.com/ts/product/fd/46/80/71467d752a66abfbf37ccc4949862bc5.jpg
152561885,Combo Người Thông Minh Giải Quyết Vấn Đề Như Thế Nào + Người Giỏi Không Phải Là Người Làm Tất Cả,,116000,104400,1.0,Sách kỹ năng làm việc,0,0.0,,Nhà Xuất Bản Tổng hợp TP.HCM,https://salt.tikicdn.com/ts/product/9b/83/8c/9d23ea52e90d48ca49d3b76da7e32649.jpg
57870426,Sức Mạnh Của Ngôn Từ (Tặng Kèm 1 Photocard Mintbooks Limited),Shin Dohyeon,96000,58520,13288.0,Sách tư duy - Kỹ năng sống,3124,4.8,212.0,Nhà Xuất Bản Thanh Niên,https://salt.tikicdn.com/ts/product/a7/60/ef/ca49f29ec16d25b87383f369471ab42e.jpg
69644748,Thiền Sư Và Em Bé 5 Tuổi,Thích Nhất Hạnh,120000,80400,3869.0,Thiền Sư Và Em Bé 5 Tuổi,594,5.0,232.0,Nhà Xuất Bản Dân Trí,https://salt.tikicdn.com/ts/product/40/50/4f/c66154af241f021f345fb3c53a70f57d.jpg
204363203,Lớp Học Rùng Rợn - Tập 3,Emi Ishikawa,30000,30000,117.0,Lớp Học Rùng Rợn - Tập 3,7,5.0,,Nhà Xuất Bản Kim Đồng,https://salt.tikicdn.com/ts/product/a6/00/ba/ca19447514d1bdb2c2b0c3dda4084fcb.jpg
198587700,Tạp chí Đẹp T09-10/2022 (số 269),,65000,65000,15.0,Tạp chí Đẹp T09-10/2022 (số 269),0,0.0,158.0,Nhà Xuất Bản Thông Tấn,https://salt.tikicdn.com/ts/product/63/6f/23/1e24fc74523568f682dc07973341e82c.jpg
35283865,Bé Gái Khéo Tay Buộc Dây Giày,,72000,61200,1.0,Văn học thiếu nhi,0,0.0,18.0,,https://salt.tikicdn.com/ts/product/ed/99/71/fd903cebfb5b879ff4c061eae9383fe0.jpg
120219392,Người Thầy (Hồi Ức Của Một Nhà Giáo Mỹ),Frank McCourt,118000,70800,542.0,Tiểu sử - Hồi ký,78,4.8,335.0,Nhà Xuất Bản Hội Nhà Văn,https://salt.tikicdn.com/ts/product/16/25/1c/e6cf9ebf933ce4449b906c1638677f85.jpg
198198483,Giá Như Có Ai Đó Dạy Tôi Trưởng Thành,Bloom,96000,76100,232.0,Sách Tâm Lý Tuổi Teen,18,5.0,216.0,Nhà Xuất Bản Văn Học,https://salt.tikicdn.com/ts/product/56/02/3e/cff1af1ee8c9dc82b0722988699a9fe3.jpg
527316,Mát Mát Lạnh Lạnh,Ngọc Bảo An,55000,43500,278.0,Truyện ngắn - Tản văn - Tạp Văn,13,4.7,126.0,,https://salt.tikicdn.com/media/catalog/product/m/a/mat mat lanh lanh.u547.d20160719.t104506.jpg
169262882,Combo 2 cuốn Giáo Trình Hán Ngữ (Sách học Tiếng Trung dành cho người Việt) Giáo Trình Hán Ngữ Tập 1 + Giáo Trình Hán Ngữ Tập 2 (Phiên bản mới - Học bằng App McBooks),,244000,170500,20.0,Sách Học Tiếng Hoa,1,5.0,,hong duc,https://salt.tikicdn.com/ts/product/18/22/67/b75072921579af860c36307d08487b27.jpg
104741661,Combo 2 Tập : 999 Lá Thư Gửi Cho Chính Mình (Tái Bản),Miêu Công Tử,258000,180001,5669.0,Sách tư duy - Kỹ năng sống,1020,5.0,432.0,Nhà Xuất Bản Thanh Niên,https://salt.tikicdn.com/ts/product/6b/45/d7/9016185f3888b435a77fca4585738d0c.jpg
199739988,Bách Khoa Thư Cho Cả Nhà - Thế Giới Các Loài Hoa Bằng Tranh,Virginie Aladjidi,120000,72000,44.0,Kiến Thức Bách Khoa,5,5.0,60.0,Nhà Xuất Bản Dân Trí,https://salt.tikicdn.com/ts/product/9d/c3/17/45c38bab4731846510625e9e8672fc66.jpg
174605333,Châu Phi Nghìn Trùng (Tái Bản),ISAK DINESEN,165000,130000,555.0,Tiểu sử - Hồi ký,64,5.0,408.0,Nhà Xuất Bản Phụ Nữ,https://salt.tikicdn.com/ts/product/ab/59/99/28fa7031957b3042ca02596ab5d27d7c.jpg
21031780,Pháo Đài Số ( Tái Bản ),Dan Brown,199000,134000,1759.0,Truyện trinh thám,361,4.7,585.0,,https://salt.tikicdn.com/ts/product/b6/1e/a5/81b4a728dc8c73efdb3107392068f802.jpg
199045171,Migi & Dali - Tập 4,Nami Sano,40000,40000,240.0,Migi & Dali - Tập 4,21,5.0,,Nhà Xuất Bản Kim Đồng,https://salt.tikicdn.com/ts/product/51/18/e5/f3fa432792ec220671a4859898de8c41.jpg
51613367,Hạnh Ngộ Trong Bóng Tối,Otsuichi,108000,54000,830.0,Tiểu Thuyết,141,4.7,264.0,Nhà Xuất Bản Hà Nội,https://salt.tikicdn.com/ts/product/ff/a8/46/284894894471be5761eede180c9c5b63.jpg
1864759,Giáo Trình HSK 3 - Sách Bài Tập (Kèm MP3),Khương Lệ Bình,188000,133001,1627.0,Sách Học Tiếng Hoa,218,5.0,168.0,Nhà Xuất Bản Tổng hợp TP.HCM,https://salt.tikicdn.com/ts/product/74/f3/00/9732289d7395efd16f77fd3d08dfcb35.jpg
52805060,Chúa Ruồi - Tiểu Thuyết (Nobel Văn Chương 1983)(Tái Bản 2020),William Golding,88000,52800,3918.0,Tác phẩm kinh điển,744,4.8,326.0,Nhà Xuất Bản Văn Học,https://salt.tikicdn.com/ts/product/5f/97/52/a53eb98af3927cc5b5aeb08efa58d483.jpg
195801674,Khúc Hát Của Chim Ca Và Rắn Độc,Suzanne Collins,236000,159001,171.0,Truyện Giả tưởng - Huyền Bí - Phiêu Lưu,18,5.0,644.0,Nhà Xuất Bản Hội Nhà Văn,https://salt.tikicdn.com/ts/product/56/46/bf/40b59192d57d5ffebb5a2e3c2f7c14bb.jpg
110448020,Nhà Ảo Thuật Đen Và Vụ Án Mạng Tại Thị Trấn Không Tên,Higashino Keigo,199000,119400,2293.0,Truyện trinh thám,524,4.8,440.0,Nhà Xuất Bản Hà Nội,https://salt.tikicdn.com/ts/product/35/a0/e0/01baad28325887ae85e02590f98c4008.jpg
10005245,Đàn Ông Sao Hỏa Đàn Bà Sao Kim,John Gray,188000,135000,48419.0,Sách tư duy - Kỹ năng sống,3904,4.7,488.0,,https://salt.tikicdn.com/ts/product/0a/f6/38/bc10734989977da424642a1c4750eee2.jpg
109515306,Combo 2 Cuốn: Truyện Cổ Grim 1 + 2,Jacob,410000,237800,320.0,Truyện cổ tích,89,4.8,892.0,Nhà Xuất Bản Hà Nội,https://salt.tikicdn.com/ts/product/5a/f7/05/4e323d3d25e37efa44196bd7b60f94a2.jpg
172069382,Einstein Cuộc Đời Và Vũ Trụ,Walter Isaacson,319000,227500,55.0,Sách Danh Nhân,10,4.8,720.0,Nhà Xuất Bản Thế Giới,https://salt.tikicdn.com/ts/product/b2/3d/47/1a87661e132b2bb953ee8412636fe386.jpg
57905707,Chữ Số Và Thế Giới - Nguồn Gốc Bị Lãng Quên,Đỗ Minh Triết,145000,107000,1884.0,Lĩnh vực khác,314,4.8,420.0,Nhà Xuất Bản Hà Nội,https://salt.tikicdn.com/ts/product/14/72/41/38147755c1fe42d4de8d2d4de3227a59.jpg
114447395,Mùa Thu Của Cây Dương,Kazumi Yumoto,62000,37200,462.0,Tiểu Thuyết,105,5.0,204.0,Nhà Xuất Bản Văn Học,https://salt.tikicdn.com/ts/product/7d/4b/29/b252c9f9a64a6853f7408e244075805d.jpg
168662558,CCMR. Phải Trái Đúng Sai,Michael Sandel,155000,97100,591.0,Sách tư duy - Kỹ năng sống,83,5.0,402.0,NXB Trẻ,https://salt.tikicdn.com/ts/product/40/bf/63/980deeb76442bca207341dc948e2022c.jpg
16391543,Cha Voi - Dạy Con Nên Người Ở Thời Đại Số,Trương Nguyện Thành,150000,100500,4480.0,Sách Làm Cha Mẹ,257,5.0,332.0,Nhà Xuất Bản Dân Trí,https://salt.tikicdn.com/ts/product/07/47/8d/d096ad19f102b727476b63dd9300f785.jpg
196517620,Điểm Đến Cuộc Đời,Đặng Hoàng Giang,90000,54000,55.0,Sách tư duy - Kỹ năng sống,5,5.0,236.0,Nhà Xuất Bản Hội Nhà Văn,https://salt.tikicdn.com/ts/product/5b/f0/8f/b672b98a1944a98c87667497d5e18421.jpg
603035,Tiền - Thư Tuyệt Mệnh,Anne Roumanoff,136000,86001,278.0,Tiểu Thuyết,10,4.7,496.0,,https://salt.tikicdn.com/media/catalog/product/t/i/tien-thu-tuyet-menh-01.u5102.d20170405.t180957.361966.jpg
98733259,Những Tù Nhân Của Địa Lí - Khám Phá Sự Vận Hành Của Thế Giới Qua Những Tấm Bản Đồ - Phiên Bản Minh Hoạ Màu Dành Cho Độc Giả Trẻ,Tim Marshall,230000,168000,939.0,Kiến thức - Bách khoa,172,4.8,72.0,Nhà Xuất Bản Kim Đồng,https://salt.tikicdn.com/ts/product/49/b0/e0/de1621358fb64d08a8f5c08e2a0e1130.jpg
148802212,Phong Ma Yến Tước Tập 1 - Nuối Tiếc Giang Hồ,,215000,183000,,Tiểu Thuyết,0,0.0,460.0,Nhà Xuất Bản Hà Nội,https://salt.tikicdn.com/ts/product/16/81/6c/1b98c1c0065dd467f536e9ae1eb466fc.jpg
73515859,OSHO - Can Đảm Là Chính Mình Trong Thế Giới Hiểm Nguy,Osho,88000,58000,1429.0,Sách tư duy - Kỹ năng sống,221,5.0,192.0,Nhà Xuất Bản Thế Giới,https://salt.tikicdn.com/media/catalog/producttmp/2c/10/64/f116603f354b8a543e4d0f7a94d3cbbe.jpg
197588267,Tô Màu Phát Triển Não Bộ Cho Bé 1-5 Tuổi Tập 6,Phạm Ngọc Điệp,16000,9600,77.0,Tô màu - Luyện chữ  ,6,5.0,20.0,Nhà Xuất Bản Dân Trí,https://salt.tikicdn.com/ts/product/36/17/e4/cd5858a422f9849a96a6af59053d3330.jpg
194104633,Ăn Chay Cùng Nhi,Dương Yến Nhi,249000,160800,437.0,Sách Nấu ăn,47,5.0,192.0,Nhà Xuất Bản Phụ Nữ Việt Nam,https://salt.tikicdn.com/ts/product/e3/c1/c5/03fc664a1134098e341b5816ccb4fee1.jpg
39228816,Kỹ Thuật Giao Dịch Để Kiếm Tiền Hàng Ngày Trên Thị Trường Chứng Khoán – Day Trade For A Living,Andrew Aziz,298000,298000,6721.0,"Sách tài chính, tiền tệ",919,4.8,264.0,Nhà Xuất Bản Thế Giới,https://salt.tikicdn.com/ts/product/fd/28/79/4edc47abd05a8eaa2b298a01b70b1f5e.jpg
71907876,Từ Điển Tiếng “Em”,Khotudien,69000,45001,19986.0,Truyện cười,5173,4.8,280.0,Nhà Xuất Bản Phụ Nữ Việt Nam,https://salt.tikicdn.com/ts/product/e6/a5/3a/14338e7ae795f56d66996b611070b173.jpg
36399658,"Ung Thư Không Phải Là Bệnh, Mà Là Cơ Chế Chữa Lành",Andreas Moritz,169000,118300,1587.0,"Ung Thư Không Phải Là Bệnh, Mà Là Cơ Chế Chữa Lành",167,5.0,463.0,,https://salt.tikicdn.com/ts/product/e6/cd/4d/83cb1063ac338f2e97b93d5b5c24b744.jpg
137561095,Combo 2 Cuốn Sách Tâm Lý Học Nhập Môn: Toàn Thư Tâm Lý Học + Từ Điển Tâm Lý,Motofumi Fukahori,254000,177000,985.0,Sách tư duy - Kỹ năng sống,276,5.0,796.0,Nhà Xuất Bản Thế Giới,https://salt.tikicdn.com/ts/product/58/e7/88/deff9aea6a7b526b15faa7c87f27acad.jpg
176824199,Thần Số Học - Làm Chủ Cuộc Đời,Michelle Buchanan,138000,109000,686.0,Thần Số Học - Làm Chủ Cuộc Đời,119,4.8,304.0,Nhà Xuất Bản Dân Trí,https://salt.tikicdn.com/ts/product/47/73/06/280b2e27cf3933a799320524fcbca4b4.jpg
201877500,"Wyckoff 2.0: Tìm hiểu chuyên sâu về cấu trúc, hồ sơ khối lượng và dòng chảy lệnh trên thị trường",Rubén Villahermosa Chaves,499000,499000,246.0,"Sách tài chính, tiền tệ",27,5.0,348.0,Nhà Xuất Bản Thế Giới,https://salt.tikicdn.com/ts/product/02/11/c0/537cab4a1d7b1e7459fc78203de1ffa0.jpg
6010325,Dưới Bóng Những Cô Gái Đương Hoa,Marcel Proust,179000,98450,992.0,Tiểu Thuyết,63,4.7,600.0,,https://salt.tikicdn.com/ts/product/0c/64/7c/1f8193a1a42b10d0804b651252e61b3e.jpg
8835539,Vĩ Đại Do Lựa Chọn (Tái Bản),Jim Collins,145000,104400,3740.0,Sách tư duy - Kỹ năng sống,193,5.0,416.0,,https://salt.tikicdn.com/ts/product/ef/fd/71/1aa0919684522607e8aeb5708f081b7e.jpg
44010975,Có  Người Sực Tỉnh Cơn Mơ (Tái bản),Nguyễn Thiên Ngân ,79000,79000,954.0,Thơ,95,5.0,200.0,,https://salt.tikicdn.com/ts/product/ee/07/51/3d4781492e41403947293291bc5c0ce2.jpg
161409461,Thùng 48 hộp sữa tươi tiệt trùng có đường TH True Milk 180ml (180ml x 48),,406800,386000,1372.0,Sữa tiệt trùng (UHT),117,5.0,,,https://salt.tikicdn.com/ts/product/66/33/87/5c2c536ba003912179e0cddd29ac59d7.png
78015041,Học Viện - The Institute (Stephen King),Stephen King,299000,209000,2118.0,Truyện trinh thám,617,4.7,688.0,Nhà Xuất Bản Thanh Niên,https://salt.tikicdn.com/ts/product/da/62/4f/d52882c613d485b5c1bb15fb788ffeb2.jpg
166079528,Sách - combo 9 Quyển Từ Điển Bằng Hình Đầu Tiên Của Bé Từ 0-6 tuổi - Song Ngữ Anh- Việt (Các trang đều là Bìa Cứng) vàng,Song Nghi,252000,152400,190.0,Kiến thức - Bách khoa,16,5.0,,Nhà Xuất Bản Phụ Nữ Việt Nam,https://salt.tikicdn.com/ts/product/76/8b/4e/0c0027761315f98386b8abaf6bbd2b67.jpg
59043891,Hố (Louis Sachar)(Tái Bản 2020),Louis Sachar,72000,43200,900.0,Truyện Giả tưởng - Huyền Bí - Phiêu Lưu,158,5.0,235.0,Nhà Xuất Bản Hội Nhà Văn,https://salt.tikicdn.com/ts/product/21/e2/ea/e00a463b30ba3951c4b8ed2b839296cd.jpg
207255710,Sword Art Online 023,Reki Kawahara,125000,87300,108.0,Light novel,6,4.0,348.0,Nhà Xuất Bản Hà Nội,https://salt.tikicdn.com/ts/product/48/95/30/c9c431905c788f2bead2a67260045755.jpg
42459036,Sự Sụp Đổ Của Nghề Làm Cha Mẹ,Leonard Sax,119000,83300,3097.0,Sách Làm Cha Mẹ,148,4.7,,,https://salt.tikicdn.com/ts/product/e3/9e/a6/62104b1ef723bb68349bcccca35842b5.JPG
193979870,Vụ Án Mạng Bên Hồ,Higashino Keigo,155000,118000,445.0,Truyện trinh thám,40,5.0,264.0,Nhà Xuất Bản Thanh Niên,https://salt.tikicdn.com/ts/product/29/e3/2c/e5fc8c3c4feb60b128f6664d060b271c.png
75813201,Không Đến Một (Tái Bản - Bìa Cam),Peter Thiel,110000,77900,1824.0,Sách khởi nghiệp,263,5.0,276.0,NXB Trẻ,https://salt.tikicdn.com/ts/product/71/4a/7c/76cf7ff0783eafef6708c5eb4c387e67.jpg
55119955,Cách Sống (Tái Bản 2020),Inamori Kazuo,85000,59500,2463.0,Sách nghệ thuật sống đẹp,214,4.8,226.0,Nhà Xuất Bản Lao Động,https://salt.tikicdn.com/ts/product/45/81/82/cb219da454a44ae67ad9b29c2a53dcca.jpg
164990688,Bách Khoa Lịch Sử Thế Giới - Tái Bản 2022,nhieu tac gia,550000,422000,78.0,Lịch Sử Thế Giới,16,5.0,416.0,Nhà Xuất Bản Dân Trí,https://salt.tikicdn.com/ts/product/55/35/ca/fee2250e3baba463e2e6d3ca5219e66d.jpg
202878485,Shaman King - Tập 20,Hiroyuki Takei,35000,30400,220.0,Shaman King - Tập 20,15,5.0,,NXB Trẻ,https://salt.tikicdn.com/ts/product/60/83/57/c037cd30f0625151e9699d54b3887682.jpg
21146760,Kinh Doanh - Khái Lược Những Tư Tưởng Lớn,DK,390000,262000,3139.0,Bài học kinh doanh,299,4.8,352.0,,https://salt.tikicdn.com/ts/product/68/d0/66/a41413b3275041668fc3ae9b08599508.jpg
49506137,Dạy Con Làm Giàu - Tập 3: Hướng Dẫn Đầu Tư (Tái Bản 2020),Robert T. Kiyosaki,155000,100200,3707.0,Bài học kinh doanh,601,5.0,530.0,NXB Trẻ,https://salt.tikicdn.com/ts/product/c6/02/6a/5720f96a55f7c4f8a7ad8954c78d4b4b.jpg
173515946,Tư Duy Như Một Kẻ Lập Dị,Steven D.Levitt,119000,78001,95.0,Sách tư duy - Kỹ năng sống,10,5.0,268.0,Nhà Xuất Bản Thế Giới,https://salt.tikicdn.com/ts/product/f0/00/98/f7bde4d69e87c3f24203492fd558e07d.jpg
85924601,Kéo Giãn Cơ Thể,James Shiuchi Nakano,125000,87500,821.0,Kéo Giãn Cơ Thể,128,4.8,193.0,Nhà Xuất Bản Công Thương,https://salt.tikicdn.com/ts/product/a0/f4/be/80ee6301bc006c1ce3934b9b85963bf9.jpg
138934622,Tô Màu Phát Triển Trí Não Bộ Cho Bé 1-3 Tuổi - Tập 2,,16000,12000,222.0,Tô màu - Luyện chữ  ,20,5.0,10.0,Nhà Xuất Bản Dân Trí,https://salt.tikicdn.com/ts/product/3e/de/a2/10a3bf7787f8eaa9bcc5a295282e7b41.jpg
168234722,Trúc Thư Dao 1 - Nước Tần - Có Nàng Tên Thập,Văn Giản Tử,179000,107400,276.0,Truyện ngôn tình,58,4.8,528.0,Nhà Xuất Bản Hà Nội,https://salt.tikicdn.com/ts/product/8b/5d/45/b33c4c98ac5f147fff36d0d5c5a4bc33.jpg
173865570,Một Cuốn Sách Về Chủ Nghĩa Tối Giản (Tái bản 2022),Chi Nguyễn – The Present Writer,129000,129000,3784.0,Sách tư duy - Kỹ năng sống,529,5.0,194.0,Nhà Xuất Bản Thế Giới,https://salt.tikicdn.com/ts/product/a9/3b/fc/7ea45e36d1086f35197898133dc42710.jpeg
205802190,Thám Tử Lừng Danh Conan - Tập 100 - Bìa Gập - Tặng Kèm Postcard Vuông Conan 100,Gosho Aoyama,20000,20000,79.0,Thám Tử Lừng Danh Conan - Tập 100 - Bìa Gập - Tặng Kèm Postcard Vuông Conan 100,6,5.0,,Nhà Xuất Bản Kim Đồng,https://salt.tikicdn.com/ts/product/86/f3/ba/989cb5a603f5d7ad1078cdae574b038c.jpg
101782486,"Làm Ra Làm, Chơi Ra Chơi (Tái Bản)",Cal Newport,159000,105000,1033.0,Sách kỹ năng làm việc,167,4.7,352.0,Nhà Xuất Bản Công Thương,https://salt.tikicdn.com/ts/product/25/64/8e/4992e5d750daed4720f15de18f05f8f7.jpg
140360874,Những Đòn Tâm Lý Trong Bán Hàng (Tái Bản),Brian Tracy,139000,91100,567.0,Sách Marketing - Bán hàng ,58,5.0,332.0,Nhà Xuất Bản Lao Động,https://salt.tikicdn.com/ts/product/70/bf/c3/7b3f81c1c024324c7e10a9d70275eee7.jpg
186239095,Kinh A Di Đà (Tái bản 2022),Thích Nhật Từ,19000,19000,110.0,Kinh A Di Đà (Tái bản 2022),13,5.0,43.0,Nhà Xuất Bản Tôn Giáo,https://salt.tikicdn.com/ts/product/24/c8/47/3b8718bbaef8145a51429a2ba7731a7c.jpg
194205620,Người Hướng Nội Trong Thế Giới Hướng Ngoại,Insook Nam,105000,84100,280.0,Sách tư duy - Kỹ năng sống,22,5.0,200.0,Nhà Xuất Bản Dân Trí,https://salt.tikicdn.com/ts/product/45/e2/26/528d8f28cb1d3c30779f15684a215c85.jpg
81499978,Ngôi Sao Của Quỷ,Jo Nesbo,209000,125400,688.0,Truyện trinh thám,182,4.8,508.0,Nhà Xuất Bản Hà Nội,https://salt.tikicdn.com/ts/product/0d/49/3a/66636bc4ade71c7a9dc290912d7589be.jpg
194959718,Vợ Mới Của Chồng Tôi,Greer Hendricks,215000,145000,181.0,Truyện trinh thám,8,4.8,428.0,Nhà Xuất Bản Hà Nội,https://salt.tikicdn.com/ts/product/61/57/41/28b5800446c24757031aa20b53526296.jpg
11313176,Chàng Cắn Hồ Đào Và Vua Chuột,E.T.A Hoffmann,108000,92000,,Tiểu Thuyết,0,0.0,387.0,Nhà Xuất Bản Hội Nhà Văn,https://salt.tikicdn.com/ts/product/02/78/36/529461708b2c3a81e9005b99923ce3e1.jpg
160370181,Khói Trời Lộng Lẫy (Tập Truyện Ngắn Nguyễn Ngọc Tư)(Tái Bản),Nguyễn Ngọc Tư,90000,64200,345.0,Truyện ngắn - Tản văn - Tạp Văn,53,5.0,144.0,NXB Trẻ,https://salt.tikicdn.com/ts/product/a4/e1/00/f2cd413a2e2bec778f0472a104556f87.jpg
198571360,Tokyo Revengers - Tập 5,Ken Wakui,115000,97700,1509.0,Tokyo Revengers - Tập 5,269,4.8,386.0,Nhà Xuất Bản Hà Nội,https://salt.tikicdn.com/ts/product/31/47/85/d1cf8a31bc2735bdd022f96b84a12401.jpg
179735872,Sách Tâm Lý Dành Cho Người Nhạy Cảm,Hiroko Mizushima,89000,62001,1710.0,Sách tư duy - Kỹ năng sống,166,4.8,176.0,Nhà Xuất Bản Thế Giới,https://salt.tikicdn.com/ts/product/db/49/dd/ee074a7fa1f25b879c7759fd97c002ca.jpg
198414410,Kaguya-Sama: Cuộc Chiến Tỏ Tình - Tập 2,,40000,40000,539.0,Kaguya-Sama: Cuộc Chiến Tỏ Tình - Tập 2,62,5.0,,Nhà Xuất Bản Kim Đồng,https://salt.tikicdn.com/ts/product/62/0f/c0/8108364e270b4c9cc801fb3ff00b54d8.jpg
13419678,Đi Tìm Lẽ Sống ( Tái Bản ),Viktor Emil Frankl,88000,50100,16762.0,Sách tư duy - Kỹ năng sống,2004,4.8,224.0,Nhà Xuất Bản Tổng hợp TP.HCM,https://salt.tikicdn.com/media/catalog/producttmp/ce/ec/21/7cfe0dbbf58fb8c09e8dc68f32cb1fcf.jpg
199901869,Tâm Lý Học Tình Yêu – Tình Yêu Của Bạn Giống Như Bạn,Jun Mee-kyung,129000,102000,259.0,Lĩnh vực khác,11,5.0,,Nhà Xuất Bản Thanh Niên,https://salt.tikicdn.com/ts/product/8e/b6/cf/9fdbd91a2cb7155662a6173099522492.png
87226756,"Những Đêm Không Ngủ, Những Ngày Chậm Trôi",A Crazy Mind team,86000,55001,7559.0,Truyện ngắn - Tản văn - Tạp Văn,1903,4.8,192.0,Nhà Xuất Bản Văn Học,https://salt.tikicdn.com/ts/product/a8/e9/36/94bb68f3b55bb93a593fec97c087915f.jpg
194205626,Ngụy Chứng Của Solomon - Tập 1 Vụ Án,Miyabe Miyuki,330000,198000,220.0,Truyện ngắn - Tản văn - Tạp Văn,32,4.8,648.0,Nhà Xuất Bản Dân Trí,https://salt.tikicdn.com/ts/product/fc/b2/05/c8ea93e34c355dd108d3d2dadbb7a28d.jpg
69219921,"OKRs - Hiểu Đúng, Làm Đúng - Cách Để Áp Dụng Thành Công OKRs Ngay Từ Đầu",Mai Xuân Đạt,239000,156000,2692.0,Sách kỹ năng làm việc,285,4.8,196.0,Nhà Xuất Bản Công Thương,https://salt.tikicdn.com/ts/product/6d/3c/1d/261377f39e8027db226dc3fc29171780.jpg
207400594,"""Đức Phật"" nơi công sở",Tezuka Osamu,75000,52500,4.0,Tranh Truyện,1,5.0,300.0,Nhà Xuất Bản Hà Nội,https://salt.tikicdn.com/ts/product/c1/cd/bc/5c9048e27c9dd6b35e7ce1938363320c.jpg
19913969,Khi Bàn Chân Chạm Vào Đất Mẹ,Nhiều tác giả,135000,100000,498.0,Khi Bàn Chân Chạm Vào Đất Mẹ,52,4.8,384.0,Nhà Xuất Bản Dân Trí,https://salt.tikicdn.com/ts/product/08/65/36/b6360c2290e237f445e5b8201ecaf0c4.jpg
204957471,Sách công thức TikTokk Ads 1000 đơn,,199000,199000,82.0,Sách Marketing - Bán hàng ,1,5.0,,Nhà Xuất Bản Thanh Niên,https://salt.tikicdn.com/ts/product/f2/e4/00/37613a3c9e31503b2faaa4ec9c2d919c.jpg
178031172,"Bộ Luật Tố Tụng Dân Sự (Hiện Hành) (Sửa Đổi, Bổ Sung Năm 2019, 2020) - Tái bản năm 2022",,152000,152000,145.0,Luật - Văn Bản Luật,12,4.3,452.0,Nhà Xuất Bản Chính Trị Quốc Gia Sự Thật,https://salt.tikicdn.com/ts/product/6c/47/23/f50cf97e77897aba33870febe51972f6.jpg
392577,Collins English For Business Speaking (Kèm CD),,168000,138000,514.0,Sách Học Tiếng Anh,30,4.6,124.0,Nhà Xuất Bản Tổng hợp TP.HCM,https://salt.tikicdn.com/media/catalog/product/c/o/collins-english-for-business-speaking.jpg
92859060,Tam Thể 3 - Tử Thần Sống Mãi,Lưu Từ Hân,290000,159500,865.0,Truyện Giả tưởng - Huyền Bí - Phiêu Lưu,218,4.7,683.0,Nhà Xuất Bản Hà Nội,https://salt.tikicdn.com/ts/product/fc/ea/63/f7df6a768f2ced1986321c0e843bd06d.jpg
196932341,Dưỡng da tối giản,Thư Đỗ,92000,62000,36.0,Sách Làm Đẹp,1,5.0,136.0,Nhà Xuất Bản Thế Giới,https://salt.tikicdn.com/ts/product/25/c8/44/d351fa906ad57ef216e19700d5bad992.jpg
156224977,Sống Đơn Giản Cho Mình Thanh Thản (Tái Bản),Shunmyo Masuno,85000,59500,302.0,Sách hướng nghiệp - Kỹ năng mềm,36,5.0,197.0,Nhà Xuất Bản Lao Động,https://salt.tikicdn.com/ts/product/93/72/91/ab5fd0d568957a3cede8c9e733e04bda.jpg
193211309,Chuông Gió (Tập 2),Vĩ Ngư,174000,129000,345.0,Truyện ngôn tình,58,5.0,456.0,Nhà Xuất Bản Thanh Niên,https://salt.tikicdn.com/ts/product/60/a3/7e/82c9aa918e88b38edf40bb77e71c79c3.jpg
76601024,How To Think - Cách Tư Duy: Hướng Dẫn Sinh Tồn Trong Một Thế Giới Đầy Bất Đồng,Alan Jacobs,116000,58000,263.0,Sách tư duy - Kỹ năng sống,39,4.8,232.0,Nhà Xuất Bản Thế Giới,https://salt.tikicdn.com/ts/product/6b/1b/78/15227bc9f9acc8d7771d52a7b0322b29.jpg
777517,Phong Thủy Trong Bất Động Sản ,Jo Incheol,198000,132000,1879.0,Sách Phong Thủy - Kinh Dịch,181,4.6,324.0,,https://salt.tikicdn.com/media/catalog/product/3/9/39-phong-thuy-trong-bat-dong-san.u5465.d20170808.t160006.991061.jpg
168576286,Kính Vạn Hoa - 16 - Người Giúp Việc Khác Thường - Ngủ Quên Trên Đồi - Kẻ Thần Bí (Tái Bản 2022),Nguyễn Nhật Ánh,86000,68700,7.0,Văn học thiếu nhi,2,5.0,376.0,Nhà Xuất Bản Kim Đồng,https://salt.tikicdn.com/ts/product/f8/e8/64/f7b8ff87e7de2e64a0339514070e9af4.jpg
59262880,Người Bán Hàng Vĩ Đại Nhất Thế Giới (Tái Bản 2020),Og Mandino,148000,84300,5024.0,Bài học kinh doanh,775,4.8,296.0,Nhà Xuất Bản Tổng hợp TP.HCM,https://salt.tikicdn.com/media/catalog/producttmp/2b/38/7f/dec84af1d977a1276be1b2b0a57e4fdd.jpg
155115301,"Bộ ""Chuyện xóm gà"" 2",Christian Jolibois,348000,220001,432.0,Truyện tranh thiếu nhi,58,5.0,,Nhà Xuất Bản Hà Nội,https://salt.tikicdn.com/ts/product/18/5d/ff/86c8faeaa7331f1ec967186aa361be27.jpg
1934493,Thiên Môn Chi Thánh,Phương Bạch Vũ,100000,75000,497.0,Tiểu Thuyết,31,4.5,340.0,,https://salt.tikicdn.com/ts/product/5f/1b/40/567ded87612632ad92087ed52f42d587.jpg
102381212,Triết Học - Tất Cả Những Điều Cần Biết Để Thông Thạo Bộ Môn Này,Peter Gibson,309000,169950,304.0,Triết Học,66,4.6,256.0,Nhà Xuất Bản Thế Giới,https://salt.tikicdn.com/ts/product/17/34/e7/3c557937cc3f7f559baa57bde29e7279.jpg
205148096,"Gửi Em, Người Bất Tử - Tập 15",Yoshitoki Oima,30000,26100,119.0,"Gửi Em, Người Bất Tử - Tập 15",6,5.0,200.0,NXB Trẻ,https://salt.tikicdn.com/ts/product/35/4f/97/9282ff4f91e0a6c69e64c006ed69aec4.jpg
103379152,Một Cuộc Đời Bất Tận,Frédéric Beigbeder,162000,138000,1.0,Truyện Giả tưởng - Huyền Bí - Phiêu Lưu,0,0.0,392.0,Nhà Xuất Bản Văn Học,https://salt.tikicdn.com/ts/product/cb/fb/58/845e611aa3f26b32b5cff7522605b817.jpg
189940724,Triệu Phú Khu Ổ Chuột,Vikas Swarup,126000,75600,194.0,Truyện ngắn - Tản văn - Tạp Văn,25,5.0,446.0,Nhà Xuất Bản Hội Nhà Văn,https://salt.tikicdn.com/ts/product/93/9c/a3/6d9d5a19282142216d376cc3b67eff54.jpg
32037711,Chinh Phục Mục Tiêu (Tái Bản 2019),Brian Tracy,118000,64600,3017.0,Sách kỹ năng làm việc,243,4.7,328.0,,https://salt.tikicdn.com/ts/product/ab/41/2d/9348fcef22aaa9a8c30861bce089235e.jpg
201580265,Ma Pháp Thiếu Nữ (Vol 2+3),Endou Asari,325000,253000,93.0,Light novel,20,5.0,388.0,Nhà Xuất Bản Phụ Nữ Việt Nam,https://salt.tikicdn.com/ts/product/92/ba/4b/88d4a049083b5421cbdbd1cb6cdf51f1.jpg
195649312,Trí Tuệ Do Thái  (Tái Bản 2022),Eran Katz,189000,123000,515.0,Sách Luyện Thi Đại Học - Cao Đẳng,47,4.8,444.0,Nhà Xuất Bản Công Thương,https://salt.tikicdn.com/ts/product/22/25/5b/c6a7d8315647c4f134e3d38ae8a9f6c4.jpg
206840682,Quyền Lực Của Địa Lý - The Power Of Geography,Tim Marshall,280000,221000,164.0,Sách kinh tế học,14,4.6,559.0,Nhà Xuất Bản Phụ Nữ,https://salt.tikicdn.com/ts/product/6c/87/e7/db72a8050a15d86d8102cd21ab1d8b11.jpg
57761618,Vụ Án Mạng Ở Lữ Quán Kairotei,Higashino Keigo,123000,73800,4242.0,Truyện trinh thám,791,4.8,292.0,Nhà Xuất Bản Hà Nội,https://salt.tikicdn.com/ts/product/d3/43/d1/1f95dc535f7a34941fe47cad69928ecc.jpg
73207240,Xa Ngoài Kia Nơi Loài Tôm Hát - Where The Crawdads Sing,Delia Owens,165000,140000,4.0,Tiểu Thuyết,0,0.0,,NXB Trẻ,https://salt.tikicdn.com/ts/product/05/c3/83/b20826f62eabd5fed924a4add6564501.jpg
44976201,Lính Trơn - Khoa Học Lạ Kỳ Về Loài Người Trong Chiến Tranh,Mary Roach,145000,116000,22.0,Tiểu Thuyết,7,4.6,340.0,Nhà Xuất Bản Thế Giới,https://salt.tikicdn.com/ts/product/c4/c6/10/beaca996b69909d370e2e2e0f99f53ba.jpg
131876308,Sách Bán Hàng Cảm Xúc,,199000,199000,382.0,Sách Marketing - Bán hàng ,54,4.8,254.0,Nhà Xuất Bản Thanh Niên,https://salt.tikicdn.com/ts/product/52/c2/67/0a45ac2b638fa1f7221547c3fcb56dd3.jpg
202851053,"""Cậu"" Ma Nhà Xí Hanako - Tập 0",,30000,28000,518.0,"""Cậu"" Ma Nhà Xí Hanako - Tập 0",60,4.8,,Nhà Xuất Bản Kim Đồng,https://salt.tikicdn.com/ts/product/54/76/61/87926358b98b2af062a8f6d128f18103.jpg
195190278,Combo Spy x Family (7 tập),,175000,175000,293.0,Combo Spy x Family (7 tập),71,5.0,,Nhà Xuất Bản Kim Đồng,https://salt.tikicdn.com/ts/product/78/de/51/cc299b53cfaa1744d598e7137b293ea8.jpg
198644535,Từ Điển Của Những Nổi Buồn Không Tên,John Koenig,129000,78980,168.0,Sách tư duy - Kỹ năng sống,16,4.8,329.0,Nhà Xuất Bản Thế Giới,https://salt.tikicdn.com/ts/product/f5/57/2d/f4351671773114d2033f5ea9a17745e0.png
197634256,Black Jack - Tập 14 (Bìa Cứng),Osamu Tezuka,135000,117400,290.0,Black Jack - Tập 14 (Bìa Cứng),30,5.0,,NXB Trẻ,https://salt.tikicdn.com/ts/product/e3/c6/a8/d78ed25861a3a6601a0e964aac493296.jpg
1667291,Bàn Về Khế Ước Xã Hội (Tái Bản),Jean - Jacques Rousseau,125000,75900,1940.0,Lý Luận Chính Trị,187,4.8,312.0,Nhà Xuất Bản Thế Giới,https://salt.tikicdn.com/ts/product/95/ff/e1/4eb022fa43485b63bf31ea66e9ec108d.jpg
13333355,Đọc Nhiều Nhớ Được Bao Nhiêu?,Zion Kabasawa,118000,79000,3786.0,Sách kỹ năng làm việc,645,4.8,,,https://salt.tikicdn.com/ts/product/31/75/42/edec5115f48cad11e3337945e707697a.jpg
109793160,Combo 2 Cuốn: Bạn Không Thông Minh Lắm Đâu +  Bạn Đỡ Ngu Ngơ Rồi Đấy (Tái Bản) ,David McRaney,268000,170000,1555.0,Sách tư duy - Kỹ năng sống,314,5.0,794.0,Nhà Xuất Bản Thế Giới,https://salt.tikicdn.com/ts/product/65/18/ea/cfafb405f77f1959d84875040301ce41.jpg
25123732,Combo 48 Nguyên Tắc Chủ Chốt Của Quyền Lực và Nghệ Thuật Quyến Rũ ( Tặng Kèm Sổ Tay Xương Rồng),Robert Greene,415000,356900,311.0,Sách tư duy - Kỹ năng sống,50,5.0,1169.0,,https://salt.tikicdn.com/ts/product/7d/61/93/ba99022c5aa6886272d6959dbbb284b4.jpg
167210781,Cậu Bé Mặc Váy,David Walliams,98000,77100,351.0,Truyện ngắn - Tản văn - Tạp Văn,54,5.0,196.0,Nhà Xuất Bản Hà Nội,https://salt.tikicdn.com/ts/product/9f/47/f6/79ce6f91a6120ba58fac7653c731dc1e.jpg
750578,Khi Hơi Thở Hóa Thinh Không,Paul Kalanithi,109000,68670,59734.0,Tiểu sử - Hồi ký,2099,4.7,236.0,,https://salt.tikicdn.com/media/catalog/product/k/h/khi-hoi-tho-hoa-thinh-khong.u5464.d20170726.t170655.288851.jpg
191926681,Trái cây đại chiến Zombie - Thế giới khủng long: Tập 1: Chiến binh mạo hiểm,Tiếu Giang Nam,89000,52200,12.0,Kiến thức - Bách khoa,1,5.0,176.0,Nhà Xuất Bản Phụ Nữ Việt Nam,https://salt.tikicdn.com/ts/product/4d/b4/e6/162ae2f2abda83ebb6719ce5463adc6c.jpg
103640412,Đừng Lựa Chọn An Nhàn Khi Còn Trẻ (Tái Bản),Cảnh Thiên,99000,69000,8291.0,Sách tư duy - Kỹ năng sống,1581,4.8,316.0,Nhà Xuất Bản Thế Giới,https://salt.tikicdn.com/ts/product/c9/19/bb/f38df394d296929b86b49a72ca89a12e.jpg
205928397,Hoàng Hậu Đỏ - Tình Dục Và Sự Tiến Hóa Của Bản Tính Người,Matt Rioley,299000,188370,19.0,Lĩnh vực khác,0,0.0,452.0,Nhà Xuất Bản Thế Giới,https://salt.tikicdn.com/ts/product/ee/74/00/e882cf51be314f5025008b441807ffc1.jpg
200616826,How The Mind Works: Trí Óc Vận Hành Như Thế Nào,Steven Pinker,449000,327770,47.0,Kiến Thức Bách Khoa,3,4.7,856.0,Nhà Xuất Bản Thế Giới,https://salt.tikicdn.com/ts/product/5b/fb/0d/37cc92d3a096a4a36182fdc9fac19593.jpg
63473605,"Ho’Oponopono: Sống Như Người Hawaii – Chấp Nhận, Biết Ơn Và Tha Thứ",Carole Berger,109000,76300,4663.0,Sách nghệ thuật sống đẹp,742,5.0,160.0,Nhà Xuất Bản Công Thương,https://salt.tikicdn.com/ts/product/b3/8d/96/ff54beed300e16123f9c7f4f75131ac2.jpg
56362836,Hồ Sơ Rachel,Martin Amis,120000,48000,159.0,Tiểu Thuyết,19,4.6,332.0,Nhà Xuất Bản Hội Nhà Văn,https://salt.tikicdn.com/ts/product/1e/6e/36/c9b1aa8028e11c6af1c1d23fa9643c94.jpg
169546325,Lời Hứa Về Một Cây Bút Chì (Tái Bản),Adam Braun,159000,108000,227.0,Sách tư duy - Kỹ năng sống,46,5.0,364.0,Nhà Xuất Bản Thế Giới,https://salt.tikicdn.com/ts/product/c1/8f/38/3376f38d72a45bcfc408eab33c354d96.jpg
76776247,Hà Nội Bảo Thế Là Thường (Bìa Mềm)(Tản Văn),Nguyễn Trương Quý,108000,64800,316.0,Truyện ngắn - Tản văn - Tạp Văn,50,5.0,272.0,Nhà Xuất Bản Hội Nhà Văn,https://salt.tikicdn.com/ts/product/f4/6b/a2/f3aad5c11836c54ad0a98383ef7162cc.jpg
73207098,Làm Chủ - Mastery,Robert Greene,200000,142500,1469.0,Sách tư duy - Kỹ năng sống,254,4.8,,NXB Trẻ,https://salt.tikicdn.com/ts/product/b6/d2/d3/ed46155f476e1fdfb8c8ef594257a928.jpg
205148091,Kỳ Án Siêu Nhiên - Tập 02,Kyo Shirodaira,35000,28000,137.0,Kỳ Án Siêu Nhiên - Tập 02,7,4.3,200.0,NXB Trẻ,https://salt.tikicdn.com/ts/product/97/bb/a1/9904ef905edd9516349626586882b064.jpg
203701754,Một Họa Sĩ Phù Thế,Kazuo Ishiguro,169000,101000,291.0,Tiểu Thuyết,21,5.0,299.0,Nhà Xuất Bản Văn Học,https://salt.tikicdn.com/ts/product/1d/84/65/0914ab54b67cfc02cbe8e36e21ae1ff0.jpg
197337637,Trí Tuệ Do Thái (Tái Bản 2022),Eran Katz,189000,161000,,Sách tư duy - Kỹ năng sống,0,0.0,,Nhà Xuất Bản Công Thương,https://salt.tikicdn.com/ts/product/a4/f4/4b/f64928ed19b71ec4cf7468c7acf7552a.jpg
